"License Key","License Key"
"Add new License Key","Add new License Key"
Save,Save
"Delete License","Delete License"
"Sync License","Sync License"
"New License","New License"
"Are you sure you want to do this?","Are you sure you want to do this?"
"License Information","License Information"
"Enter the license key which you got when you purchase an extension from www.vnecoms.com.","Enter the license key which you got when you purchase an extension from www.vnecoms.com."
Extension,Extension
" License Type"," License Type"
"Created At","Created At"
"Expiration date","Expiration date"
Status,Status
"Your current secure key is: %1","Your current secure key is: %1"
"This is the first time you use the license key. The secure key will be updated to the license after you click to save button. Let add your domains and click to save button to active the extension.","This is the first time you use the license key. The secure key will be updated to the license after you click to save button. Let add your domains and click to save button to active the extension."
"Your secure key is different with the registered secure key. The related extension(s) will not be acitvated.<br />Let login to your customer email account at VNECOMS.COM, edit your license key and update your new secure key.","Your secure key is different with the registered secure key. The related extension(s) will not be acitvated.<br />Let login to your customer email account at VNECOMS.COM, edit your license key and update your new secure key."
"Secure Key","Secure Key"
"Related Packages","Related Packages"
Domains,Domains
"Add Domain","Add Domain"
Reset,Reset
Vnecoms,Vnecoms
"This license no longer exists.","This license no longer exists."
"Your license has been deleted.","Your license has been deleted."
"License Info","License Info"
"View License","View License"
"Manage Licenses","Manage Licenses"
"The license is required.","The license is required."
"The license is already exist.","The license is already exist."
"You saved the license.","You saved the license."
"Please add your domains to complete activating the extension","Please add your domains to complete activating the extension"
"Your license is synced with our server.","Your license is synced with our server."
"Please enter a domain.","Please enter a domain."
"The extension: %1 is not activated. Please enter the license key and active it. %2","The extension: %1 is not activated. Please enter the license key and active it. %2"
"These extensions are not activated:%1.<br />Please enter the license key and active them. %2","These extensions are not activated:%1.<br />Please enter the license key and active them. %2"
"The license was not registered","The license was not registered"
"[102] Cannot retrieve license information this time. Please try again later","[102] Cannot retrieve license information this time. Please try again later"
"Cannot retrieve license information.","Cannot retrieve license information."
msg,msg
"[100] Cannot retrieve license information this time. Please try again later","[100] Cannot retrieve license information this time. Please try again later"
"[101] Folder permission error. Make sure these folders and their subfolders have write permissions: pub/static, pub/media","[101] Folder permission error. Make sure these folders and their subfolders have write permissions: pub/static, pub/media"
"[103] Cannot retrieve license information this time. Please try again later","[103] Cannot retrieve license information this time. Please try again later"
"[104] Cannot retrieve license information this time. Please try again later","[104] Cannot retrieve license information this time. Please try again later"
"[105] Cannot save license information this time. Please try again later","[105] Cannot save license information this time. Please try again later"
"Cannot save license information.","Cannot save license information."
"License information is not available.","License information is not available."
"Your current domain %1 is not registered with this license.","Your current domain %1 is not registered with this license."
Extension:,Extension:
"License Type:","License Type:"
"Registered Secure Key:","Registered Secure Key:"
"Current Secure Key:","Current Secure Key:"
"Your secure key is different with the registered secure key. The related extension(s) will not be acitvated.<br />Please contact us if you want to change your secure key","Your secure key is different with the registered secure key. The related extension(s) will not be acitvated.<br />Please contact us if you want to change your secure key"
Domain,Domain
"Domain format: %1 or %2 or %3 or %4. <br />Your current domain is %5<strong></strong>","Domain format: %1 or %2 or %3 or %4. <br />Your current domain is %5<strong></strong>"
Delete,Delete
"My Credit (%1)","My Credit (%1)"
"My Credit","My Credit"
"Other customers (%1)","Other customers (%1)"
"Created at","Created at"
Name,Name
Type,Type
Description,Description
Amount,Amount
Balance,Balance
"Store Credit (%1)","Store Credit (%1)"
"Refunded to Store Credit","Refunded to Store Credit"
"Store Credit","Store Credit"
"Add Credit Product","Add Credit Product"
"ALL GROUPS","ALL GROUPS"
"Add Price","Add Price"
"Credit Value","Credit Value"
"Manage Credit Accounts","Manage Credit Accounts"
"Credit Dashboard","Credit Dashboard"
"Manage Credit Products","Manage Credit Products"
"Manage Credit Transactions","Manage Credit Transactions"
"You have to login to use this action","You have to login to use this action"
"Max credit you can use: %1","Max credit you can use: %1"
"You do not have enough credit amount to do this action","You do not have enough credit amount to do this action"
"Customer Id is not valid","Customer Id is not valid"
"Cart %1 doesn't contain products","Cart %1 doesn't contain products"
"You need to login to use this action","You need to login to use this action"
"You can't apply the amount which is greater than your credit balance","You can't apply the amount which is greater than your credit balance"
"Could not apply credit","Could not apply credit"
"Could not remove credit","Could not remove credit"
"Credit Account is not set in %1 on line %2","Credit Account is not set in %1 on line %2"
"Admin Add Credit","Admin Add Credit"
"Amout is not set in %1 on line %2","Amout is not set in %1 on line %2"
"Admin add %1 credits to your credit account.","Admin add %1 credits to your credit account."
"Admin Subtract Credit","Admin Subtract Credit"
"Admin subtract %1 credits from your credit account.","Admin subtract %1 credits from your credit account."
"Buy Credit","Buy Credit"
"Buy %1 credits from store","Buy %1 credits from store"
"Order Refunded by Credit","Order Refunded by Credit"
"Order refunded #%1, Creditmemo #%2","Order refunded #%1, Creditmemo #%2"
"Refund Spent Credit","Refund Spent Credit"
"Refund spent credit(s) from cancelled order #%1","Refund spent credit(s) from cancelled order #%1"
"Spend Credit","Spend Credit"
"Spent credit on order #%1","Spent credit on order #%1"
"'From' value of Store Credit must be set '%1'","'From' value of Store Credit must be set '%1'"
"'To' value of Store Credit must be set '%1'","'To' value of Store Credit must be set '%1'"
"Store Credit Value must be set '%1'","Store Credit Value must be set '%1'"
"All store credit value and price must be set '%1'","All store credit value and price must be set '%1'"
"You need to choose options for your item.","You need to choose options for your item."
"Fixed value","Fixed value"
"Dropdown values","Dropdown values"
"Custom value","Custom value"
"Store Credit Value ","Store Credit Value "
"Store Credit Value","Store Credit Value"
"Credit Package Price","Credit Package Price"
From,From
To,To
"Use Default Value","Use Default Value"
Action,Action
"Delete Tier","Delete Tier"
"Total Credit in System","Total Credit in System"
"Total Spent Credit","Total Spent Credit"
"Total Sold Credit","Total Sold Credit"
"No. of customer with credit","No. of customer with credit"
"Top Customer Credit Balance","Top Customer Credit Balance"
"View All","View All"
"Credit Receive - Spend","Credit Receive - Spend"
"Last 24 Hours","Last 24 Hours"
"Last 7 Days","Last 7 Days"
"Current Month","Current Month"
YTD,YTD
2YTD,2YTD
"Last Transactions","Last Transactions"
"Credit Balance","Credit Balance"
"Add / Subtract Credit","Add / Subtract Credit"
"Your credit balance is: %1","Your credit balance is: %1"
"Credit Transactions","Credit Transactions"
"Add or subtract credit by entering a positive or negative value. For example: enter 10 to add $10 and -10 to subtract $10","Add or subtract credit by entering a positive or negative value. For example: enter 10 to add $10 and -10 to subtract $10"
"Add / Edit Credit","Add / Edit Credit"
"Refund Store Credit","Refund Store Credit"
"You can't use credit to buy a credit product.","You can't use credit to buy a credit product."
"Your current credit balance is %1","Your current credit balance is %1"
"Your current credit balance is %1 (%2)","Your current credit balance is %1 (%2)"
"Exchange rate: %1 = %2","Exchange rate: %1 = %2"
"Enter a credit amount if you want to pay by Store Credit ","Enter a credit amount if you want to pay by Store Credit "
Apply,Apply
Cancel,Cancel
"You need to %1 to use credit.","You need to %1 to use credit."
"Your credit balance is: %1 (%2)","Your credit balance is: %1 (%2)"
Transasctions,Transasctions
Date,Date
"Transaction Type","Transaction Type"
"You have no transaction.","You have no transaction."
"Login successful.","Login successful."
Quotes,Quotes
Continue,Continue
"New Quote","New Quote"
ID,ID
Email,Email
"First Name","First Name"
"Customer Information","Customer Information"
Store,Store
"Customer Id #","Customer Id #"
"Select Customer ...","Select Customer ..."
"Last Name","Last Name"
Phone,Phone
Company,Company
"VAT/Tax ID","VAT/Tax ID"
"Messages History","Messages History"
"Please select a customer","Please select a customer"
"Quote With Guest","Quote With Guest"
"Quote # %1 | %2","Quote # %1 | %2"
"Create New Quote for %1 in %2","Create New Quote for %1 in %2"
"Create New Quote in %1","Create New Quote in %1"
"Create New Quote for %1","Create New Quote for %1"
"Create New Quote for New Customer","Create New Quote for New Customer"
Tax/VAT,Tax/VAT
" [deleted]"," [deleted]"
"Items Quoted","Items Quoted"
"Default Stock","Default Stock"
Configure,Configure
"This product does not have any configurable options","This product does not have any configurable options"
"Please select products","Please select products"
"Add Selected Product(s) to Quote","Add Selected Product(s) to Quote"
"Please select a store","Please select a store"
"Are you sure you want to cancel this quote?","Are you sure you want to cancel this quote?"
Hold,Hold
Unhold,Unhold
Approve,Approve
"Save and send email","Save and send email"
"Save as draft","Save as draft"
"Are you sure you want to send an quote email to customer?","Are you sure you want to send an quote email to customer?"
"Send Email","Send Email"
hold,hold
unhold,unhold
"Quote # %1","Quote # %1"
"My Quotes","My Quotes"
"The post data is not valid","The post data is not valid"
"Can not add the message.","Can not add the message."
Quotation,Quotation
"This quote no longer exists.","This quote no longer exists."
"The quote is approved and sent back to customer.","The quote is approved and sent back to customer."
"There is problem occursed.","There is problem occursed."
"You canceled the quote.","You canceled the quote."
"You have not canceled the item.","You have not canceled the item."
"Quote item id is not received.","Quote item id is not received."
"Quote item is not loaded.","Quote item is not loaded."
Quotations,Quotations
"We could not add a product to quote by the ID ""%1"".","We could not add a product to quote by the ID ""%1""."
"You created the quote.","You created the quote."
"Quote saving error: %1","Quote saving error: %1"
"You deleted the Quote.","You deleted the Quote."
"We can't find a Quote to delete.","We can't find a Quote to delete."
"Can't hold quote.","Can't hold quote."
"You put the quote on hold.","You put the quote on hold."
"You have not put the quote on hold.","You have not put the quote on hold."
"%1 quote(s) cannot be canceled.","%1 quote(s) cannot be canceled."
"You cannot cancel the quote(s).","You cannot cancel the quote(s)."
"We canceled %1 quote(s).","We canceled %1 quote(s)."
"%1 quote(s) cannot be deleted.","%1 quote(s) cannot be deleted."
"You cannot deleted the quote(s).","You cannot deleted the quote(s)."
"We deleted %1 quote(s).","We deleted %1 quote(s)."
"%1 quote(s) were not put on hold.","%1 quote(s) were not put on hold."
"No quote(s) were put on hold.","No quote(s) were put on hold."
"You have put %1 quote(s) on hold.","You have put %1 quote(s) on hold."
"%1 quote(s) were not released from on hold status.","%1 quote(s) were not released from on hold status."
"No quote(s) were released from on hold status.","No quote(s) were released from on hold status."
"%1 quote(s) have been released from on hold status.","%1 quote(s) have been released from on hold status."
"This Quote no longer exists.","This Quote no longer exists."
"You saved the Quote.","You saved the Quote."
"Something went wrong while saving the Quote.","Something went wrong while saving the Quote."
"Can't un hold quote.","Can't un hold quote."
"You released the quote from holding status.","You released the quote from holding status."
"The quote was not on hold.","The quote was not on hold."
"The request is not valid.","The request is not valid."
"Edit Quote","Edit Quote"
"Quote #%1","Quote #%1"
"You are not authorized to upload file.","You are not authorized to upload file."
"The quote is not available.","The quote is not available."
"The quote status is not valid.","The quote status is not valid."
"Your items are added to cart","Your items are added to cart"
"You are not authorized to send message.","You are not authorized to send message."
"An error occurred","An error occurred"
"Your message is sent","Your message is sent"
"The proposal is rejected","The proposal is rejected"
"My Quote #%1","My Quote #%1"
"Quotes Search","Quotes Search"
"Quotes Request","Quotes Request"
"You accepted this quote","You accepted this quote"
"We can't accepted the quote.","We can't accepted the quote."
"The form key is invalid. Please refresh the page.","The form key is invalid. Please refresh the page."
"The product it not available.","The product it not available."
"The product ""%1"" is not allowed to add to quote.","The product ""%1"" is not allowed to add to quote."
"You added %1 to your quote.","You added %1 to your quote."
"We can't add this item to your quote right now.","We can't add this item to your quote right now."
"Quote was updated.","Quote was updated."
"We can't update the quote.","We can't update the quote."
"We can't find the quote item.","We can't find the quote item."
"You rejected this quote","You rejected this quote"
"We can't reject the quote.","We can't reject the quote."
"Quote created successfully.","Quote created successfully."
"We can't submit the quote.","We can't submit the quote."
"Reminder quotes are processed. %1","Reminder quotes are processed. %1"
"Your quote information is incorrect.","Your quote information is incorrect."
Home,Home
"Go to Home Page","Go to Home Page"
"Quote Information","Quote Information"
"%1 (Default)","%1 (Default)"
Disable,Disable
"You can not remove default proposal","You can not remove default proposal"
"Could not save the item: %1","Could not save the item: %1"
"Could not delete the Item: %1","Could not delete the Item: %1"
"Item with id ""%1"" does not exist.","Item with id ""%1"" does not exist."
"Could not save the message: %1","Could not save the message: %1"
"Could not delete the Message: %1","Could not delete the Message: %1"
"Message with id ""%1"" does not exist.","Message with id ""%1"" does not exist."
"Could not save the proposal: %1","Could not save the proposal: %1"
"Could not delete the Proposal: %1","Could not delete the Proposal: %1"
"Proposal with id ""%1"" does not exist.","Proposal with id ""%1"" does not exist."
Guest,Guest
"We found an invalid request for adding product to quote.","We found an invalid request for adding product to quote."
"Can not submit the quote","Can not submit the quote"
"This is the wrong quote item id to update configuration.","This is the wrong quote item id to update configuration."
Products,Products
SKU,SKU
"Origin Price","Origin Price"
Qty,Qty
Proposals,Proposals
"Quotation # ","Quotation # "
"Quotation Created Date: ","Quotation Created Date: "
"Quotation Valid Until: ","Quotation Valid Until: "
"Quote Information:","Quote Information:"
"Customer Information:","Customer Information:"
-,-
"We don't recognize the draw line data. Please define the ""lines"" array.","We don't recognize the draw line data. Please define the ""lines"" array."
"Invalid quote class provided for the PDF. Expected class \Vnecoms\Quotation\Model\Quote","Invalid quote class provided for the PDF. Expected class \Vnecoms\Quotation\Model\Quote"
"The quote object is not specified.","The quote object is not specified."
"An item object is not specified.","An item object is not specified."
"A PDF object is not specified.","A PDF object is not specified."
"A PDF page object is not specified.","A PDF page object is not specified."
"Could not save the quote: %1","Could not save the quote: %1"
"Quote with id ""%1"" does not exist.","Quote with id ""%1"" does not exist."
"Could not cancel the quote","Could not cancel the quote"
"Could not cancel the quote: %1","Could not cancel the quote: %1"
"Could not accept the quote: %1","Could not accept the quote: %1"
"Could not approve the quote: %1","Could not approve the quote: %1"
" item"," item"
" items"," items"
"Yes and Required","Yes and Required"
Yes,Yes
No,No
Starting,Starting
"Created, not sent","Created, not sent"
Processing,Processing
"Proposal Expired","Proposal Expired"
"Proposal on Hold","Proposal on Hold"
"Proposal Cancelled","Proposal Cancelled"
"Proposal Sent","Proposal Sent"
"Proposal Rejected","Proposal Rejected"
"Proposal Accepted","Proposal Accepted"
Ordered,Ordered
"Load customer quote error","Load customer quote error"
"The item '%1' is related to the quote #%2. It's not allowed to change the qty.","The item '%1' is related to the quote #%2. It's not allowed to change the qty."
"The item '%1' is related to the quotation. It's not allowed to change the qty.","The item '%1' is related to the quotation. It's not allowed to change the qty."
View,View
"Delete ""${ $.$data.entity_id }""","Delete ""${ $.$data.entity_id }"""
"Are you sure you wan't to delete quote #""${ $.$data.entity_id }"" record?","Are you sure you wan't to delete quote #""${ $.$data.entity_id }"" record?"
"Account Information","Account Information"
"Customer Name","Customer Name"
"Customer First Name","Customer First Name"
"Customer Last Name","Customer Last Name"
"Customer Tel","Customer Tel"
"Customer Group","Customer Group"
"Quote & Account Information","Quote & Account Information"
"Quote Date","Quote Date"
"Quote Date (%1)","Quote Date (%1)"
"Purchased From","Purchased From"
"Placed from IP","Placed from IP"
"Reminder Date","Reminder Date"
"send reminder email","send reminder email"
"Expiration Date","Expiration Date"
"send expiration email","send expiration email"
Note,Note
"Enter Your comment","Enter Your comment"
"Customer Remark","Customer Remark"
Product,Product
"Available Stock","Available Stock"
"Original Price","Original Price"
"Qty & Proposals","Qty & Proposals"
"No quote items","No quote items"
Actions,Actions
"Total Qty","Total Qty"
"Grand Total","Grand Total"
Price,Price
"Margin GP","Margin GP"
Default,Default
Add,Add
"Save All","Save All"
"Apply Proposal","Apply Proposal"
" as percentage"," as percentage"
Totals,Totals
"records found","records found"
selected,selected
"per page","per page"
"Previous page","Previous page"
"of %1","of %1"
"Next page","Next page"
"Add to Quote","Add to Quote"
"Adding ...","Adding ..."
Added,Added
"Items %1 to %2 of %3 total","Items %1 to %2 of %3 total"
"%1 Item","%1 Item"
"%1 Item(s)","%1 Item(s)"
Page,Page
Previous,Previous
"You're currently reading page","You're currently reading page"
Next,Next
Show,Show
" - by"," - by"
"%1 attachments","%1 attachments"
"%1 attachment","%1 attachment"
Telephone,Telephone
"VAT/Tax Id","VAT/Tax Id"
"Remark With Proposal","Remark With Proposal"
Image,Image
"Product Name","Product Name"
Item,Item
QTY,QTY
"in process ...","in process ..."
Messages,Messages
Send,Send
Back,Back
"Reject Proposal","Reject Proposal"
"Confirm and Add to Cart","Confirm and Add to Cart"
"Date Created","Date Created"
Customer,Customer
"ID #","ID #"
#%1,#%1
"You have no any quote!","You have no any quote!"
Items,Items
"* Required Fields","* Required Fields"
"Quote ID","Quote ID"
"Find Quote By","Find Quote By"
Search,Search
"Excl. Tax","Excl. Tax"
"We can't find products matching the selection.","We can't find products matching the selection."
"Add to Cart","Add to Cart"
"In stock","In stock"
"Out of stock","Out of stock"
"Learn More","Learn More"
"Add to Wish List","Add to Wish List"
"Add to Compare","Add to Compare"
"Customize and Add to Cart","Customize and Add to Cart"
"Customize and Add to Quote","Customize and Add to Quote"
Customize,Customize
"Enter your comment","Enter your comment"
"See price before order confirmation.","See price before order confirmation."
"What's this?","What's this?"
"Requested Price","Requested Price"
"Edit item parameters","Edit item parameters"
Edit,Edit
"Remove item","Remove item"
"My Quote","My Quote"
"<span class=""label"">Quote Date:</span> %1","<span class=""label"">Quote Date:</span> %1"
"Quote Items","Quote Items"
"Requested Quantity","Requested Quantity"
"Clear Quote","Clear Quote"
"Update Quote","Update Quote"
"You have no items in your quote.","You have no items in your quote."
"Click <a href=""%1"">here</a> to go to homepage.","Click <a href=""%1"">here</a> to go to homepage."
"Request a Quote","Request a Quote"
"Add your comment","Add your comment"
"Quote Name","Quote Name"
"Request A Quote","Request A Quote"
Loading...,Loading...
Remarks,Remarks
"Please login to submit your quote","Please login to submit your quote"
"Do you have a general remark with this quote request?","Do you have a general remark with this quote request?"
"Submit Quote Request","Submit Quote Request"
"Your quote number is: %1.","Your quote number is: %1."
"Your quote # is: <span>%1</span>.","Your quote # is: <span>%1</span>."
"We'll email you a quote confirmation with details and tracking info.","We'll email you a quote confirmation with details and tracking info."
"Continue Shopping","Continue Shopping"
RMA,RMA
"Create Request","Create Request"
"Delete Pattern","Delete Pattern"
"Save and Continue Edit","Save and Continue Edit"
"Save Reason","Save Reason"
Labels,Labels
"Store View Specific Labels","Store View Specific Labels"
"Save Response","Save Response"
Print,Print
"Are you sure you want to delete the RMA?","Are you sure you want to delete the RMA?"
"Delete RMA","Delete RMA"
"Are you sure you want to cancel the RMA?","Are you sure you want to cancel the RMA?"
"Cancel RMA","Cancel RMA"
"Accept Request","Accept Request"
"You need to make sure that you have received the product back from the customer.","You need to make sure that you have received the product back from the customer."
"Confirm Package Received","Confirm Package Received"
"Confirm Package Returned","Confirm Package Returned"
"You need to make sure all the processes are done","You need to make sure all the processes are done"
"Mark As Resolved","Mark As Resolved"
"View RMA #'%1'","View RMA #'%1'"
"New RMA","New RMA"
Me,Me
"RMA Information","RMA Information"
"Update Address","Update Address"
Submit,Submit
Message,Message
[A],[A]
[C],[C]
"Save Request","Save Request"
"Request RMA","Request RMA"
"RMA Comments","RMA Comments"
"RMA Items","RMA Items"
"Customer Address","Customer Address"
"RMA History","RMA History"
"Other RMA","Other RMA"
"Contact Information","Contact Information"
Fax,Fax
"Additional Information","Additional Information"
"Return Address","Return Address"
Address,Address
City,City
State,State
Country,Country
Postcode,Postcode
"Increment ID","Increment ID"
"Order ID","Order ID"
Reason,Reason
"Created Time","Created Time"
"Updated Time","Updated Time"
"Customer Infomation","Customer Infomation"
"Save Status","Save Status"
"Store View Template Notify","Store View Template Notify"
"Send Admin Template","Send Admin Template"
"Send Customer Template","Send Customer Template"
Refund,Refund
Replace,Replace
"Print RMA # %1","Print RMA # %1"
"Notify Queue","Notify Queue"
"RMA - Notify Queue","RMA - Notify Queue"
"A total of %1 record(s) have been deleted.","A total of %1 record(s) have been deleted."
"A total of %1 record(s) have been processed.","A total of %1 record(s) have been processed."
"This queue no longer exists.","This queue no longer exists."
"You processed this queue.","You processed this queue."
"Something went wrong while process the queue.","Something went wrong while process the queue."
"You deleted the reason.","You deleted the reason."
"We can't find a reason to delete.","We can't find a reason to delete."
"This Reason no longer exists.","This Reason no longer exists."
"Manage Reason","Manage Reason"
"New Reason","New Reason"
"Edit Reason","Edit Reason"
"RMA - Reason","RMA - Reason"
"A total of %1 record(s) have been updated.","A total of %1 record(s) have been updated."
"Something went wrong while updating the reason(s) status.","Something went wrong while updating the reason(s) status."
Reasons,Reasons
"You saved this reason.","You saved this reason."
"Address do not exist!","Address do not exist!"
"Rma was successfully changed status to approval","Rma was successfully changed status to approval"
"Rma was successfully canceled","Rma was successfully canceled"
"Rma was successfully resolved","Rma was successfully resolved"
"You deleted the request.","You deleted the request."
"We can't find a request to delete.","We can't find a request to delete."
"This customer no longer exists.","This customer no longer exists."
"This request no longer exists.","This request no longer exists."
Requests,Requests
"RMA - Requests","RMA - Requests"
"There are no printable documents related to selected rmas.","There are no printable documents related to selected rmas."
"A total of %1 record(s) have been changed status.","A total of %1 record(s) have been changed status."
"Manage Requests","Manage Requests"
"New Request","New Request"
Open,Open
"RMA - Open","RMA - Open"
"Rma was successfully changed status to package received","Rma was successfully changed status to package received"
Admin,Admin
"This RMA no longer exists.","This RMA no longer exists."
"Rma was successfully changed status to ""package is returned""","Rma was successfully changed status to ""package is returned"""
Administrator,Administrator
"You saved request #","You saved request #"
"Manage RMA","Manage RMA"
"View RMA","View RMA"
"You deleted the response.","You deleted the response."
"We can't find a response to delete.","We can't find a response to delete."
"This Respons no longer exists.","This Respons no longer exists."
"Manage Response","Manage Response"
"New Response","New Response"
"Edit Reponse","Edit Reponse"
Response,Response
"RMA - Response","RMA - Response"
"Something went wrong while updating the reponse(s) status.","Something went wrong while updating the reponse(s) status."
Reponse,Reponse
"You saved this response.","You saved this response."
"You deleted the status.","You deleted the status."
"We can't find a status to delete.","We can't find a status to delete."
"This Status no longer exists.","This Status no longer exists."
"Manage Status","Manage Status"
"New Status","New Status"
"Edit Status","Edit Status"
"RMA - Status","RMA - Status"
"Something went wrong while updating the status(s) status.","Something went wrong while updating the status(s) status."
"You saved this status.","You saved this status."
"Rma was successfully changed status to package sent","Rma was successfully changed status to package sent"
"You must select item RMA","You must select item RMA"
"Something went wrong while saving the page.","Something went wrong while saving the page."
#,#
"RMA - Order #","RMA - Order #"
"This order has been placed by registered customer. Please, authorize and request RMA via customer account.","This order has been placed by registered customer. Please, authorize and request RMA via customer account."
"The order were overdue "" . . "" days","The order were overdue "" . . "" days"
"Order ID and customer email didn't match each other","Order ID and customer email didn't match each other"
"Couldn't load order by given order ID","Couldn't load order by given order ID"
"Please confirm. I'm not a robot.","Please confirm. I'm not a robot."
"Something went wrong while getting the file url.","Something went wrong while getting the file url."
"File can not be saved to the destination folder.","File can not be saved to the destination folder."
"Something went wrong while saving the file(s).","Something went wrong while saving the file(s)."
"Token with id ""%1"" does not exist.","Token with id ""%1"" does not exist."
"Operator with id ""%1"" does not exist.","Operator with id ""%1"" does not exist."
"Request with id ""%1"" does not exist.","Request with id ""%1"" does not exist."
"RMA # ","RMA # "
"Request Type :","Request Type :"
"Order ID:","Order ID:"
"Package Opened :","Package Opened :"
"Status :","Status :"
"Create At :","Create At :"
"Tracking Number:","Tracking Number:"
"Reason :","Reason :"
"Store Owner","Store Owner"
"Reason with id ""%1"" does not exist.","Reason with id ""%1"" does not exist."
"Reponse with id ""%1"" does not exist.","Reponse with id ""%1"" does not exist."
"Order is not exist.","Order is not exist."
"Request should have at least one item.","Request should have at least one item."
"Wrong Qty Item.","Wrong Qty Item."
"Something went wrong while saving the item(s).","Something went wrong while saving the item(s)."
"Something went wrong while saving the address(s).","Something went wrong while saving the address(s)."
"Something went wrong while saving the message(s).","Something went wrong while saving the message(s)."
"Something went wrong while saving the status history(s).","Something went wrong while saving the status history(s)."
"Something went wrong while saving the email queue.","Something went wrong while saving the email queue."
title,title
"Unknown template type","Unknown template type"
Enabled,Enabled
Disabled,Disabled
"Status with id ""%1"" does not exist.","Status with id ""%1"" does not exist."
All,All
"Admin Only","Admin Only"
"Customer Only","Customer Only"
English,English
Dutch,Dutch
French,French
German,German
Portuguese,Portuguese
Russian,Russian
Spanish,Spanish
Turkish,Turkish
"A folder does not have write permission, you need set write permission for that folder : pub/media/rma","A folder does not have write permission, you need set write permission for that folder : pub/media/rma"
"You have %1 processed rma.%2","You have %1 processed rma.%2"
Process,Process
"Do not show","Do not show"
"Other Reason","Other Reason"
"Allow extension : %1","Allow extension : %1"
"----- No Template  -----","----- No Template  -----"
Error,Error
"Other RMA for this product:","Other RMA for this product:"
"This order doesnot have any item","This order doesnot have any item"
"Search Quick Response","Search Quick Response"
"This is a required field.","This is a required field."
"Please enter a valid number in this field.","Please enter a valid number in this field."
"Please enter a valid amount in this field. Max amount:","Please enter a valid amount in this field. Max amount:"
"Order #","Order #"
"Tracking Code","Tracking Code"
"Last Reply","Last Reply"
"IP address","IP address"
City:,City:
"Package Opened","Package Opened"
"Who pay for ship","Who pay for ship"
"to %1","to %1"
Quote,Quote
Reply,Reply
"Allow Extension : ","Allow Extension : "
Discard,Discard
"Sending ...","Sending ..."
"Change By","Change By"
"No status change history","No status change history"
"RMA ID #","RMA ID #"
"Order ID #","Order ID #"
" "," "
"There is no request rma.","There is no request rma."
"this is a required field.","this is a required field."
"Submit RMA","Submit RMA"
"Log Out Order","Log Out Order"
"There is no request rma for this order.","There is no request rma for this order."
"Back List RMA","Back List RMA"
"Order Increment Id #","Order Increment Id #"
"Search Quick Reponse","Search Quick Reponse"
"Request Information","Request Information"
Order,Order
Sku,Sku
"Qty RMA","Qty RMA"
"No order selected","No order selected"
"No items selected","No items selected"
"Some error occurs. Please, try again to select order","Some error occurs. Please, try again to select order"
"Request Type","Request Type"
"--- Select an Reason ---","--- Select an Reason ---"
"Shipment Tracking Number","Shipment Tracking Number"
"---Select an order---","---Select an order---"
"You are supposed to cover shipping costs","You are supposed to cover shipping costs"
"RMA Policy","RMA Policy"
"Print RMA","Print RMA"
"Confirm Sending","Confirm Sending"
"Order ID :","Order ID :"
"Who pay for ship:","Who pay for ship:"
"Send with the return instructions","Send with the return instructions"
"&laquo;Back to List Rma","&laquo;Back to List Rma"
"Confirm Package Is Returning","Confirm Package Is Returning"
"&laquo;Back to My Rma","&laquo;Back to My Rma"
"Please enter message","Please enter message"
"So your return request got approved. That’s a win!","So your return request got approved. That’s a win!"
"What’s next? To return your purchase, follow the step-by-step instructions below.","What’s next? To return your purchase, follow the step-by-step instructions below."
"1. Print out the Packing slip in just one click. See the buttons below:","1. Print out the Packing slip in just one click. See the buttons below:"
"2. If possible, put your purchase(s) in the original package. We remind you that only returns that are in good condition are refunded. Prior to sending your return, make sure you’ve removed all additional labels from the package.","2. If possible, put your purchase(s) in the original package. We remind you that only returns that are in good condition are refunded. Prior to sending your return, make sure you’ve removed all additional labels from the package."
"3. Now place the packing slip you’ve printed into the package.","3. Now place the packing slip you’ve printed into the package."
"4. You should send the package with a pre-paid traceable method like Insured Parcel Post or UPS. NOTE:  Some charges are non-refundable. We don’t return Shipping and Handling costs, gift box costs and other charges. ","4. You should send the package with a pre-paid traceable method like Insured Parcel Post or UPS. NOTE:  Some charges are non-refundable. We don’t return Shipping and Handling costs, gift box costs and other charges. "
"5. Click to  <strong>""Confirm Package is Returning""</strong> to let us know the package is being ship.","5. Click to  <strong>""Confirm Package is Returning""</strong> to let us know the package is being ship."
"Get message method is not supported","Get message method is not supported"
www.4jawaly.net,www.4jawaly.net
"numbers received successfully","numbers received successfully"
"Incomplete data","Incomplete data"
"incorrect user name","incorrect user name"
"incorrect password","incorrect password"
"error in data base","error in data base"
"credit not enough","credit not enough"
"sender name is invalid","sender name is invalid"
"sender name is blocked","sender name is blocked"
"ther aren't valid numbers to send","ther aren't valid numbers to send"
"can't send to more than 8 parts","can't send to more than 8 parts"
"error in saving the sending results","error in saving the sending results"
"sending is closed","sending is closed"
"the message contain blocked word","the message contain blocked word"
"the account is inactive","the account is inactive"
"the account is disabled","the account is disabled"
"mobile not activated","mobile not activated"
"email not activated","email not activated"
"the message is empty , cannot be sent","the message is empty , cannot be sent"
"error in encryption","error in encryption"
"user name not found","user name not found"
"pasword not found","pasword not found"
"message text not found","message text not found"
"receiver number not found","receiver number not found"
"sender name is empty","sender name is empty"
"This feature is not available","This feature is not available"
smsala.com,smsala.com
"Alghad DM","Alghad DM"
"This feature is not supported.","This feature is not supported."
best2sms.com,best2sms.com
BulkSms,BulkSms
"8 Bit","8 Bit"
Unicode,Unicode
Clickatell,Clickatell
"Class \Clickatell\Rest does not exist. run 'composer require arcturial/clickatell' to install Clickatell sdk.","Class \Clickatell\Rest does not exist. run 'composer require arcturial/clickatell' to install Clickatell sdk."
HTTP,HTTP
REST,REST
www.smscountry.com,www.smscountry.com
"Deewan SMS","Deewan SMS"
ExpertTexting,ExpertTexting
fastmobilesms.net,fastmobilesms.net
www.flashsms.net,www.flashsms.net
gateway.sa,gateway.sa
SmsGlobal,SmsGlobal
"The current customer isn't authorized.","The current customer isn't authorized."
"Please enter your mobile number.","Please enter your mobile number."
"The otp is not valid.","The otp is not valid."
"The mobile number is not associated to any customer account.","The mobile number is not associated to any customer account."
"You are sending OTP too much times.","You are sending OTP too much times."
"The mobile number is used by another customer account.","The mobile number is used by another customer account."
"You are using this mobile number already.","You are using this mobile number already."
"The OTP code is not valid.","The OTP code is not valid."
"The OTP code is expired.","The OTP code is expired."
"Required parameters are missing: Mobile Number","Required parameters are missing: Mobile Number"
hitechsms.com,hitechsms.com
"Sms HTD","Sms HTD"
www.iletimerkezi.com,www.iletimerkezi.com
indiabulksms.in,indiabulksms.in
www.infobip.com,www.infobip.com
www.jawalbsms.ws,www.jawalbsms.ws
"Missing parameters (not exist or empty) Username + password.","Missing parameters (not exist or empty) Username + password."
"Account not exist (wrong username or password).","Account not exist (wrong username or password)."
"The account not activated.","The account not activated."
"Blocked account.","Blocked account."
"Not enough balance.","Not enough balance."
"The service not available for now.","The service not available for now."
"The sender not available (if user have no opened sender).","The sender not available (if user have no opened sender)."
"Invalid sender name.","Invalid sender name."
"No destination addresses, or all destinations are not correct.","No destination addresses, or all destinations are not correct."
www.kaleyra.com,www.kaleyra.com
Kannel,Kannel
Kapsystem,Kapsystem
"this method is not supported","this method is not supported"
"This method is not supported","This method is not supported"
ksa-sms.com,ksa-sms.com
"incomplete data","incomplete data"
lifetimesms.com,lifetimesms.com
sms.malath.net.sa,sms.malath.net.sa
"Parameters are missing","Parameters are missing"
"Either user name or password are missing or your Account is on hold","Either user name or password are missing or your Account is on hold"
"Credit are not available","Credit are not available"
"Wrong Unicode","Wrong Unicode"
"Blocked sender name","Blocked sender name"
"Missing sender name","Missing sender name"
Messagebird,Messagebird
"Class \MessageBird\Client does not exist. run 'composer require messagebird/php-rest-api' to install Messagebird sdk.","Class \MessageBird\Client does not exist. run 'composer require messagebird/php-rest-api' to install Messagebird sdk."
www.mobily.ws,www.mobily.ws
www.msegat.com,www.msegat.com
Msg91.com,Msg91.com
www.mshastra.com,www.mshastra.com
Nexmo,Nexmo
"Class \Nexmo\Client does not exist. run 'composer require nexmo/client' to install Nexmo sdk.","Class \Nexmo\Client does not exist. run 'composer require nexmo/client' to install Nexmo sdk."
Latin,Latin
"Arabic with Latin Numbers","Arabic with Latin Numbers"
"Arabic with Arabic Numbers","Arabic with Arabic Numbers"
www.ooredoo.qa,www.ooredoo.qa
www.oursms.net,www.oursms.net
Semysms.net,Semysms.net
SpeedSMS.vn,SpeedSMS.vn
Taqnyat.sa,Taqnyat.sa
Termii,Termii
Textlocal.in,Textlocal.in
Standard,Standard
Premium,Premium
ThaiBulkSms.com,ThaiBulkSms.com
www.topsmsgun.qa,www.topsmsgun.qa
Twilio,Twilio
"Class \Twilio\Rest\Client does not exist. run 'composer require twilio/sdk' to install twilio sdk.","Class \Twilio\Rest\Client does not exist. run 'composer require twilio/sdk' to install twilio sdk."
uigtc.com,uigtc.com
"No sender available","No sender available"
"Engoory SMS","Engoory SMS"
"unifonic.com (Nextgen)","unifonic.com (Nextgen)"
unifonic.com,unifonic.com
ValueFirst,ValueFirst
www.vip1sms.com,www.vip1sms.com
wavecell.com,wavecell.com
Web2sms,Web2sms
www.yamamah.com,www.yamamah.com
"Delete Block","Delete Block"
"Order Status","Order Status"
"Add Message","Add Message"
"Payment Method","Payment Method"
"Shipping Method","Shipping Method"
Resend,Resend
"SMS Notifications","SMS Notifications"
"The mobile number is updated.","The mobile number is updated."
"Sms Notification","Sms Notification"
"You deleted the rule.","You deleted the rule."
"We can't find a rule to delete.","We can't find a rule to delete."
"This rule no longer exists.","This rule no longer exists."
"Edit Rule","Edit Rule"
"New Rule","New Rule"
Rules,Rules
"Edit Rule #%1","Edit Rule #%1"
"Sms Nofitication","Sms Nofitication"
"Block List","Block List"
"You saved the rule.","You saved the rule."
"Something went wrong while saving the block.","Something went wrong while saving the block."
Log,Log
"This account isn't confirmed. Verify and try again.","This account isn't confirmed. Verify and try again."
"This account is not confirmed. <a href=""%1"">Click here</a> to resend confirmation email.","This account is not confirmed. <a href=""%1"">Click here</a> to resend confirmation email."
"The account sign-in was incorrect or your account is disabled temporarily. Please wait and try again later.","The account sign-in was incorrect or your account is disabled temporarily. Please wait and try again later."
"An unspecified error occurred. Please contact us for assistance.","An unspecified error occurred. Please contact us for assistance."
"A login and a password are required.","A login and a password are required."
"Please check the mobile number you have entered.","Please check the mobile number you have entered."
"A login and a mobile number are required.","A login and a mobile number are required."
"Can't retrieve login information.","Can't retrieve login information."
"Invalid login or password.","Invalid login or password."
"Your sms gateway model is not valid","Your sms gateway model is not valid"
"Your sms gateway config is not valid or not setup correctly.","Your sms gateway config is not valid or not setup correctly."
"The mobile number %1 is blocked by rule #%2","The mobile number %1 is blocked by rule #%2"
"Sms message is not sent: ""%1""","Sms message is not sent: ""%1"""
"Each status can only appear once.","Each status can only appear once."
"Message for payment method %1 is duplicated.","Message for payment method %1 is duplicated."
Alphanumeric,Alphanumeric
Alphabetical,Alphabetical
Numeric,Numeric
"--Auto detected by customer IP--","--Auto detected by customer IP--"
"Class %1 does not exist","Class %1 does not exist"
2FA,2FA
"2FA and OTP","2FA and OTP"
Failed,Failed
Pending,Pending
Sent,Sent
Delivered,Delivered
Undelivered,Undelivered
"Failed (not enough credit)","Failed (not enough credit)"
"The mobile number is a required value.","The mobile number is a required value."
"The mobile number is not verify OTP.","The mobile number is not verify OTP."
"The OTP is not verified yet.","The OTP is not verified yet."
"Notify Customer by SMS","Notify Customer by SMS"
"Customer Mobile","Customer Mobile"
Settings,Settings
"Go back","Go back"
"Click to the button below to verify your phone number","Click to the button below to verify your phone number"
"Get OTP","Get OTP"
"A text message with a %1-digit verification code has been sent to","A text message with a %1-digit verification code has been sent to"
"Your OTP","Your OTP"
Verify,Verify
"Resend after %1 seconds","Resend after %1 seconds"
"Type a vaild Phone Number to continue.","Type a vaild Phone Number to continue."
"Please enter your email address below to receive a password reset link.","Please enter your email address below to receive a password reset link."
or,or
Mobile,Mobile
"Reset My Password","Reset My Password"
"A text message with a %1-digit verification code has been sent to your phone number!","A text message with a %1-digit verification code has been sent to your phone number!"
"Verify Error","Verify Error"
"Resend OTP","Resend OTP"
"This is required field.","This is required field."
"Please enter a valid mobile number!","Please enter a valid mobile number!"
"Verify Your Mobile Number","Verify Your Mobile Number"
"Registered Customers","Registered Customers"
"If you have an account, sign in with your email address.","If you have an account, sign in with your email address."
Password,Password
"Sign In","Sign In"
"Forgot Your Password?","Forgot Your Password?"
"Send Otp","Send Otp"
"This extra step shows it’s really you trying to sign in. Click to the button below to send an OTP to your phone number","This extra step shows it’s really you trying to sign in. Click to the button below to send an OTP to your phone number"
"Mobile Number","Mobile Number"
"OTP is sending ...","OTP is sending ..."
"Your mobile number is not verified.","Your mobile number is not verified."
"Registered Sellers","Registered Sellers"
"You have not created a seller account yet","You have not created a seller account yet"
"Your seller account is not approved. You can't not use API","Your seller account is not approved. You can't not use API"
"The order no longer exists.","The order no longer exists."
"The order does not exist","The order does not exist"
"The order does not allow an invoice to be created.","The order does not allow an invoice to be created."
"We can't save the invoice right now.","We can't save the invoice right now."
"You can't create an invoice without products.","You can't create an invoice without products."
"The credit memo's total must be positive.","The credit memo's total must be positive."
"Cannot create online refund for Refund to Store Credit.","Cannot create online refund for Refund to Store Credit."
"You are not permitted to delete this notification","You are not permitted to delete this notification"
"There is no notification to delete.","There is no notification to delete."
"You are not authorized for product %1.","You are not authorized for product %1."
"Only implemented for bundle product","Only implemented for bundle product"
"OptionId is incorect.","OptionId is incorect."
"You are not authorized.","You are not authorized."
"The image content is not valid.","The image content is not valid."
"Cannot save product.","Cannot save product."
"Failed to save new media gallery entry.","Failed to save new media gallery entry."
"There is no image with provided ID.","There is no image with provided ID."
"Such product doesn't exist","Such product doesn't exist"
"Such image doesn't exist","Such image doesn't exist"
"ProductSku should be specified","ProductSku should be specified"
"Could not remove custom option","Could not remove custom option"
label,label
"There is something wrong.","There is something wrong."
"The product is already exist","The product is already exist"
"You are not permited to save product %1","You are not permited to save product %1"
"The image cannot be removed as it has been assigned to the other image role","The image cannot be removed as it has been assigned to the other image role"
"Can not create shipment","Can not create shipment"
"Could not save the page: %1","Could not save the page: %1"
"Could not save the vendor: %1","Could not save the vendor: %1"
"Something wrong. Please try upload again","Something wrong. Please try upload again"
"Page not found.","Page not found."
"The profile picture is not a valid image.","The profile picture is not a valid image."
Banner,Banner
"Add New Banner","Add New Banner"
Title,Title
Identifier,Identifier
"Edit Banner '%1'","Edit Banner '%1'"
"New Banner","New Banner"
"Save Banner","Save Banner"
"Delete Banner","Delete Banner"
Configuration,Configuration
"Select Slider Template","Select Slider Template"
"Animation Effect","Animation Effect"
"Banner Speed","Banner Speed"
Autoplay,Autoplay
"Autoplay after  (ms), Empty value will disable autoplay","Autoplay after  (ms), Empty value will disable autoplay"
"Hide Pagination","Hide Pagination"
"Type of pagination","Type of pagination"
Bullets,Bullets
Fraction,Fraction
Progress,Progress
Custom,Custom
"Sort Order","Sort Order"
"New Bannner","New Bannner"
"Implement Code","Implement Code"
Upload,Upload
"Banner Items","Banner Items"
"Banner Information","Banner Information"
"Banner Title","Banner Title"
"Display From ","Display From "
"Display To ","Display To "
"Implementation Code","Implementation Code"
Preview,Preview
"Swatch Image","Swatch Image"
"[STORE VIEW]","[STORE VIEW]"
product[swatch_image],product[swatch_image]
"Base Image","Base Image"
product[image],product[image]
product[small_image],product[small_image]
product[thumbnail],product[thumbnail]
"Images (.gif, .jpg, .png)","Images (.gif, .jpg, .png)"
"You can't delete this banner.","You can't delete this banner."
"You deleted the banner.","You deleted the banner."
"We can't find a block to delete.","We can't find a block to delete."
"Manage Banners","Manage Banners"
"You can't edit this banner ","You can't edit this banner "
"This banner no longer exists.","This banner no longer exists."
"Edit Banner","Edit Banner"
Banners,Banners
"Manage Banner","Manage Banner"
"Please correct the data sent.","Please correct the data sent."
"Banner has been saved.","Banner has been saved."
"Something went wrong while saving the banner.","Something went wrong while saving the banner."
"--------- Please choose slider type -------","--------- Please choose slider type -------"
FlexSlider,FlexSlider
"Swipe Default","Swipe Default"
"Swipe Responsive","Swipe Responsive"
"Swipe Right to left","Swipe Right to left"
"--Please choose effect--","--Please choose effect--"
Fade,Fade
Slide,Slide
Cube,Cube
Coverflow,Coverflow
Flip,Flip
"--------- Please choose slide mode ---------","--------- Please choose slide mode ---------"
"Flexslider Default","Flexslider Default"
"Static Image","Static Image"
"Banner Slider","Banner Slider"
"--------- Please choose effect -------","--------- Please choose effect -------"
"The banner identifier must be changed.It can't same with others page identifier's.","The banner identifier must be changed.It can't same with others page identifier's."
"No banners found","No banners found"
"-------- Please choose slide type --------","-------- Please choose slide type --------"
"Swipe Parallax","Swipe Parallax"
"Swipe RTL","Swipe RTL"
"Delete ${ $.$data.title }","Delete ${ $.$data.title }"
"Are you sure you wan't to delete a ${ $.$data.title } record?","Are you sure you wan't to delete a ${ $.$data.title } record?"
"Browse to find or drag image here","Browse to find or drag image here"
"Delete image","Delete image"
Hidden,Hidden
"Item Title","Item Title"
"Item Url","Item Url"
"Item Short Description","Item Short Description"
"Item Status","Item Status"
Enable,Enable
"Place code below in the Page or Block which you want to display this banner","Place code below in the Page or Block which you want to display this banner"
"You must save this banner first to see the implement code.","You must save this banner first to see the implement code."
"Browse Files...","Browse Files..."
"Additional Settings","Additional Settings"
"Go to Vendor Page","Go to Vendor Page"
"Subscribe to RSS Feed","Subscribe to RSS Feed"
Root,Root
"Save Category","Save Category"
"Delete Category","Delete Category"
"New Subcategory","New Subcategory"
"New Root Category","New Root Category"
"Create Permanent Redirect for old URL","Create Permanent Redirect for old URL"
"Category Information","Category Information"
"Enable Category","Enable Category"
"Include In Menu","Include In Menu"
"Category Name","Category Name"
Content,Content
Design,Design
"Hide Product","Hide Product"
"Search Engine Optimization","Search Engine Optimization"
"URL Key","URL Key"
"This field is used to generate url for the category","This field is used to generate url for the category"
"Meta Title","Meta Title"
Keywords,Keywords
"Meta Keywords","Meta Keywords"
"Meta Description","Meta Description"
"Meta Data","Meta Data"
Position,Position
"Category Products","Category Products"
"Add Subcategory","Add Subcategory"
"Add New Category","Add New Category"
"Create Category","Create Category"
Catalog,Catalog
"Manage Categories","Manage Categories"
"New Category","New Category"
"Something went wrong while trying to delete the category.","Something went wrong while trying to delete the category."
"You deleted the category.","You deleted the category."
Categories,Categories
"Cannot create sub category.","Cannot create sub category."
"Category is not available for requested store.","Category is not available for requested store."
"There was a category move error. %1","There was a category move error. %1"
"There was a category move error.","There was a category move error."
"You moved the category","You moved the category"
"Attribute ""%1"" is required.","Attribute ""%1"" is required."
"You saved the category.","You saved the category."
"Something went wrong while saving the category.","Something went wrong while saving the category."
"Something went wrong while getting the image url.","Something went wrong while getting the image url."
"Sorry, but we can't find the new parent category you selected.","Sorry, but we can't find the new parent category you selected."
"Sorry, but we can't find the new category you selected.","Sorry, but we can't find the new category you selected."
"We can't move the category because the parent category name matches the child category name.","We can't move the category because the parent category name matches the child category name."
"Please enter name.","Please enter name."
"Can't delete root category.","Can't delete root category."
"Could not save product ""%1"" with position %2 to category %3","Could not save product ""%1"" with position %2 to category %3"
"Category does not contain specified product","Category does not contain specified product"
"Could not save product ""%product"" with position %position to category %category","Could not save product ""%product"" with position %position to category %category"
"Operation do not allow to move a parent category to any of children category","Operation do not allow to move a parent category to any of children category"
"Could not move category","Could not move category"
"Could not save category: %1","Could not save category: %1"
"Cannot delete category with id %1","Cannot delete category with id %1"
"Please correct the category.","Please correct the category."
"Must be category model instance or its id.","Must be category model instance or its id."
Category,Category
"The value specified in the URL Key field would generate a URL that already exists.To resolve this conflict, you can either change the value of the URL Key field (located in the Search Engine Optimization section) to a unique value, or change the Request Path fields","The value specified in the URL Key field would generate a URL that already exists.To resolve this conflict, you can either change the value of the URL Key field (located in the Search Engine Optimization section) to a unique value, or change the Request Path fields"
"2 Columns with Left","2 Columns with Left"
"1 Column","1 Column"
"Vertical Menu","Vertical Menu"
"Horizontal Menu","Horizontal Menu"
"The value specified in the URL Key field would generate a URL that already exists in Category.","The value specified in the URL Key field would generate a URL that already exists in Category."
"All Websites","All Websites"
"All Group","All Group"
"WYSIWYG Editor","WYSIWYG Editor"
"New Vendor Category","New Vendor Category"
"Vendor Categories","Vendor Categories"
"If there are no custom parent categories, please use the default parent category. You can reassign the category at any time in <a href=""%1"" target=""_blank"">Products &gt; Categories</a>.","If there are no custom parent categories, please use the default parent category. You can reassign the category at any time in <a href=""%1"" target=""_blank"">Products &gt; Categories</a>."
item,item
items,items
"Now Shopping by","Now Shopping by"
Remove,Remove
"Remove This Item","Remove This Item"
"Shop By","Shop By"
"Clear All","Clear All"
"Shopping Options","Shopping Options"
"Are you sure you want to delete this category?","Are you sure you want to delete this category?"
"ID: %1","ID: %1"
"This operation can take a long time","This operation can take a long time"
"Collapse All","Collapse All"
"Expand All","Expand All"
"Please confirm site switching. All data that hasn't been saved will be lost.","Please confirm site switching. All data that hasn't been saved will be lost."
None,None
"-- Please Select --","-- Please Select --"
"All Pages","All Pages"
"All Product Types","All Product Types"
Container,Container
"Specific %1","Specific %1"
"Open Chooser","Open Chooser"
"Attribute Set","Attribute Set"
"Manage Frontend Applications","Manage Frontend Applications"
"Add Application","Add Application"
Choose...,Choose...
Close,Close
"Not Selected","Not Selected"
"Application ""%1""","Application ""%1"""
"New Application","New Application"
"Custom Layouts","Custom Layouts"
"Page Layouts","Page Layouts"
"Frontend Application Properties","Frontend Application Properties"
"Application Title","Application Title"
"Sort Order of application in the same container","Sort Order of application in the same container"
"Layout Updates","Layout Updates"
"Add Layout Update","Add Layout Update"
"Remove Layout Update","Remove Layout Update"
"Frontend Application Options","Frontend Application Options"
"Frontend Application","Frontend Application"
"Please specify a Application Type.","Please specify a Application Type."
"App Block ID","App Block ID"
"Block ID","Block ID"
"Save Block","Save Block"
"Edit Block '%1'","Edit Block '%1'"
"New Block","New Block"
"Delete Page","Delete Page"
"Block Configuration","Block Configuration"
"Block Information","Block Information"
"Manage Pages","Manage Pages"
"Add New Page","Add New Page"
"Save Page","Save Page"
"Edit Page '%1'","Edit Page '%1'"
"New Page","New Page"
"Content Heading","Content Heading"
"Page Layout","Page Layout"
Layout,Layout
"Page Information","Page Information"
"Page Title","Page Title"
"Relative to Web Site Base URL","Relative to Web Site Base URL"
"Page Status","Page Status"
"Store View","Store View"
Created,Created
Modified,Modified
"Media Storage","Media Storage"
"Create Folder","Create Folder"
"Delete Folder","Delete Folder"
"Delete File","Delete File"
"Insert File","Insert File"
"New Folder Name:","New Folder Name:"
"Are you sure you want to delete this folder?","Are you sure you want to delete this folder?"
"Are you sure you want to delete this file?","Are you sure you want to delete this file?"
"Images (%1)","Images (%1)"
"Vendor Root","Vendor Root"
CMS,CMS
"You can't access this App.","You can't access this App."
"Please specify a correct application.","Please specify a correct application."
"You can't delete this App.","You can't delete this App."
"The CMS Application has been deleted.","The CMS Application has been deleted."
"New Frontend Application","New Frontend Application"
"Frontend Applications","Frontend Applications"
"CMS Frontend Applications","CMS Frontend Applications"
"The application has been saved.","The application has been saved."
"You can't delete this Block.","You can't delete this Block."
"You deleted the block.","You deleted the block."
"Manage Blocks","Manage Blocks"
"This block no longer exists.","This block no longer exists."
"You can't access this Block.","You can't access this Block."
Blocks,Blocks
"Vendor CMS","Vendor CMS"
"You saved the block.","You saved the block."
"You can't delete this Page.","You can't delete this Page."
"The page has been deleted.","The page has been deleted."
"We can't find a page to delete.","We can't find a page to delete."
"This page no longer exists.","This page no longer exists."
"You can't access this Page.","You can't access this Page."
"Edit Page","Edit Page"
Pages,Pages
"A total of %1 record(s) have been disabled.","A total of %1 record(s) have been disabled."
"A total of %1 record(s) have been enabled.","A total of %1 record(s) have been enabled."
"To apply changes you should fill in hidden required ""%1"" field","To apply changes you should fill in hidden required ""%1"" field"
"You saved the page.","You saved the page."
"The directory %1 is not writable by server.","The directory %1 is not writable by server."
"We cannot create the application because it is missing required information.","We cannot create the application because it is missing required information."
name,name
description,description
"Specified Page","Specified Page"
"Make sure that static block content does not reference the block itself.","Make sure that static block content does not reference the block itself."
%1,%1
"Select Blocks","Select Blocks"
"Insert Block...","Insert Block..."
"CMS Block with id ""%1"" does not exist.","CMS Block with id ""%1"" does not exist."
"Role with id ""%1"" does not exist.","Role with id ""%1"" does not exist."
"-- Please select a Page --","-- Please select a Page --"
"CMS Page with id ""%1"" does not exist.","CMS Page with id ""%1"" does not exist."
"Could not delete the page: %1","Could not delete the page: %1"
"The block identifier must be changed.It can't same with others page identifier's.","The block identifier must be changed.It can't same with others page identifier's."
"The page URL key contains capital letters or disallowed symbols.","The page URL key contains capital letters or disallowed symbols."
"The page URL key cannot be made of only numbers.","The page URL key cannot be made of only numbers."
"The page identifier must be changed.It can't same with others page identifier's.","The page identifier must be changed.It can't same with others page identifier's."
"Please choose a condition to add.","Please choose a condition to add."
"Conditions Combination","Conditions Combination"
"Product Attribute","Product Attribute"
"We can't delete root directory %1 right now.","We can't delete root directory %1 right now."
"Directory %1 is not under storage root path.","Directory %1 is not under storage root path."
"Please rename the folder using only letters, numbers, underscores and dashes.","Please rename the folder using only letters, numbers, underscores and dashes."
"We found a directory with the same name. Please try another folder name.","We found a directory with the same name. Please try another folder name."
"We cannot create a new directory.","We cannot create a new directory."
"We cannot delete directory %1.","We cannot delete directory %1."
"The value specified in the URL Key field would generate a URL that already exists in CMS Page.","The value specified in the URL Key field would generate a URL that already exists in CMS Page."
"Delete ""${ $.$data.title }""","Delete ""${ $.$data.title }"""
"Are you sure you wan't to delete a ""${ $.$data.title }"" record?","Are you sure you wan't to delete a ""${ $.$data.title }"" record?"
"New Products","New Products"
Availability,Availability
"Welcome, %1!","Welcome, %1!"
"Implementation code","Implementation code"
"You need to save this app before you can see the implementation code.","You need to save this app before you can see the implementation code."
px.,px.
"No files found","No files found"
"Product data is not valid","Product data is not valid"
"Add Option","Add Option"
"Manage Commission Rules","Manage Commission Rules"
"Add new Rule","Add new Rule"
"Edit Rule '%1'","Edit Rule '%1'"
"Rule Information","Rule Information"
"Calculate Commission Using The Following Information","Calculate Commission Using The Following Information"
"Commission By","Commission By"
"Fixed Amount","Fixed Amount"
"Percent Of Product Price","Percent Of Product Price"
"Calculate Commission Based On","Calculate Commission Based On"
"Product Price (Incl. Tax)","Product Price (Incl. Tax)"
"Product Price (Excl. Tax)","Product Price (Excl. Tax)"
"Product Price After Discount (Incl. Tax)","Product Price After Discount (Incl. Tax)"
"Product Price After Discount (Excl. Tax)","Product Price After Discount (Excl. Tax)"
Commission,Commission
"Discard subsequent rules","Discard subsequent rules"
Conditions,Conditions
"Conditions (don't add conditions if rule is applied to all products)","Conditions (don't add conditions if rule is applied to all products)"
"General Information","General Information"
"Rule Name","Rule Name"
Active,Active
Inactive,Inactive
Websites,Websites
"Seller Groups","Seller Groups"
Priority,Priority
"Commission Rule","Commission Rule"
"You deleted the commission rule.","You deleted the commission rule."
"New Commission Rule","New Commission Rule"
"Edit Commission Rule","Edit Commission Rule"
Sellers,Sellers
"Manage  Commission Rules","Manage  Commission Rules"
"Wrong rule specified.","Wrong rule specified."
"You saved the commission rule.","You saved the commission rule."
"Manage Pending Config","Manage Pending Config"
"Review config changes from vendor '%1'","Review config changes from vendor '%1'"
"Config Changes","Config Changes"
"This change no longer exists.","This change no longer exists."
"Update of %1 is approved","Update of %1 is approved"
"The change is approved.","The change is approved."
"This vendor no longer exists.","This vendor no longer exists."
"Manage Seller Config Changes","Manage Seller Config Changes"
"Manage Pending Configurations","Manage Pending Configurations"
"Update of %1 is rejected","Update of %1 is rejected"
"The change is rejected.","The change is rejected."
"You save the change request.","You save the change request."
"The value of this field is changed but it has not been approved yet.","The value of this field is changed but it has not been approved yet."
"Current working value is: %1","Current working value is: %1"
"Your update for this field is rejected.","Your update for this field is rejected."
"Config Approval","Config Approval"
"There is a pending vendor config awaiting for your approval.<br /><a href=""%1"">Click here</a> to review the pending configurations.","There is a pending vendor config awaiting for your approval.<br /><a href=""%1"">Click here</a> to review the pending configurations."
"There are <strong>%1</strong> pending vendor configs awaiting for your approval.<br /><a href=""%2"">Click here</a> to review the pending configurations.","There are <strong>%1</strong> pending vendor configs awaiting for your approval.<br /><a href=""%2"">Click here</a> to review the pending configurations."
"Section: %1","Section: %1"
Field,Field
"Current Value","Current Value"
"New Value","New Value"
Reject,Reject
Rejected,Rejected
"Reject Change","Reject Change"
"Please enter the reason.","Please enter the reason."
"Save Config","Save Config"
"Use Default","Use Default"
"Use Website","Use Website"
"You saved the configuration.","You saved the configuration."
"Something went wrong while saving this configuration:","Something went wrong while saving this configuration:"
"The file you're uploading exceeds the server size limit of %1 kilobytes.","The file you're uploading exceeds the server size limit of %1 kilobytes."
"The base directory to upload file is not specified.","The base directory to upload file is not specified."
"The value field is wrong format.","The value field is wrong format."
"The content file is wrong.","The content file is wrong."
"Cant not upload file. Please try again","Cant not upload file. Please try again"
"The document content must be valid base64 encoded data.","The document content must be valid base64 encoded data."
"The document MIME type is not valid or not supported.","The document MIME type is not valid or not supported."
"Provided document name contains forbidden characters.","Provided document name contains forbidden characters."
"The document content is not valid.","The document content is not valid."
"Cannot recognize document extension.","Cannot recognize document extension."
"Store View:","Store View:"
"Stores Configuration","Stores Configuration"
"Please confirm scope switching. All data that hasn't been saved will be lost.","Please confirm scope switching. All data that hasn't been saved will be lost."
"Add after","Add after"
"Current Configuration Scope:","Current Configuration Scope:"
Stores,Stores
"Edit Coupon '%1'","Edit Coupon '%1'"
"Save Coupon","Save Coupon"
"Delete Coupon","Delete Coupon"
"Coupon Information","Coupon Information"
"Coupon Code","Coupon Code"
"Usage Limit","Usage Limit"
"Leave zero or blank for unlimited.","Leave zero or blank for unlimited."
"Time Used","Time Used"
"Discount Action","Discount Action"
"Buy X","Buy X"
"Discount Amount","Discount Amount"
Orders,Orders
"Seller Coupons","Seller Coupons"
"You canceled the coupon code ""%1"".","You canceled the coupon code ""%1""."
"We cannot cancel the coupon code.","We cannot cancel the coupon code."
"The coupon is not available !","The coupon is not available !"
"The coupon %1 is deleted successfully!","The coupon %1 is deleted successfully!"
"Manage Coupons","Manage Coupons"
"Invalid data provided","Invalid data provided"
"%1 coupon(s) have been generated.","%1 coupon(s) have been generated."
"Something went wrong while generating coupons. Please review the log and try again.","Something went wrong while generating coupons. Please review the log and try again."
"The coupon is saved!","The coupon is saved!"
"We cannot create the requested Coupon Qty. Please check your settings and try again.","We cannot create the requested Coupon Qty. Please check your settings and try again."
"The shopping cart is not eligible to use the coupon code ""%1"".","The shopping cart is not eligible to use the coupon code ""%1""."
"Could not apply coupon code","Could not apply coupon code"
"You used coupon code ""%1"".","You used coupon code ""%1""."
"You don't have permission to access this page.","You don't have permission to access this page."
"Apply Discount Code","Apply Discount Code"
"Enter discount code","Enter discount code"
"Apply Discount","Apply Discount"
"Generate Coupons","Generate Coupons"
"Code Prefix","Code Prefix"
Generate,Generate
"Vendor with id ""%customer_id"" does not exist.","Vendor with id ""%customer_id"" does not exist."
"The current vendor isn't authorized.","The current vendor isn't authorized."
"Amount or Method must be not null","Amount or Method must be not null"
"currentPage value must be greater than 0.","currentPage value must be greater than 0."
"pageSize value must be greater than 0.","pageSize value must be greater than 0."
"currentPage value %1 specified is greater than the %2 page(s) available.","currentPage value %1 specified is greater than the %2 page(s) available."
Release,Release
"Escrow Transaction '#%1'","Escrow Transaction '#%1'"
"Escrow Transaction","Escrow Transaction"
"Invoice #","Invoice #"
"Marketplace Commission","Marketplace Commission"
"Invoice Id","Invoice Id"
CSV,CSV
XML,XML
"Escrow Transactions","Escrow Transactions"
Method,Method
Fee,Fee
"Net Amount","Net Amount"
"Withdrawal Requests","Withdrawal Requests"
"Mark as Completed","Mark as Completed"
"Cancel Withdrawal Request","Cancel Withdrawal Request"
"Withdrawal Request '%1'","Withdrawal Request '%1'"
"Withdrawal Request","Withdrawal Request"
"Updated At","Updated At"
"Transaction Reference","Transaction Reference"
"Reason For","Reason For"
"Additional Info","Additional Info"
"The pending transaction is not exist.","The pending transaction is not exist."
"The pending credit is canceled.","The pending credit is canceled."
"A total of %1 record(s) have been canceled.","A total of %1 record(s) have been canceled."
"A total of %1 record(s) have been released.","A total of %1 record(s) have been released."
"The pending credit is released.","The pending credit is released."
"The escrow transaction is not exist.","The escrow transaction is not exist."
"View Escrow Transaction","View Escrow Transaction"
"This Seller no longer exists.","This Seller no longer exists."
Credit,Credit
"The withdrawal request is not exist.","The withdrawal request is not exist."
"The withdrawal request has been canceled.","The withdrawal request has been canceled."
"The withdrawal request has been completed.","The withdrawal request has been completed."
"All Withdrawal Requests","All Withdrawal Requests"
"Pending Withdrawal Requests","Pending Withdrawal Requests"
"View Withdrawal","View Withdrawal"
Sales,Sales
Transactions,Transactions
"Withdrawal method is not valid.","Withdrawal method is not valid."
"Withdrawal method is not available.","Withdrawal method is not available."
"You need to enter all of your %1 info to use this method.","You need to enter all of your %1 info to use this method."
"Withdraw Funds","Withdraw Funds"
"You need to enter your %1 info to use this method.","You need to enter your %1 info to use this method."
"Your withdrawal amount must be less than your balance amount.","Your withdrawal amount must be less than your balance amount."
"Your withdrawal amount must be greater than zero","Your withdrawal amount must be greater than zero"
"Your withdrawal amount must be between %1 - %2","Your withdrawal amount must be between %1 - %2"
"Withdrawal History","Withdrawal History"
"The withdrawal request is not valid.","The withdrawal request is not valid."
Withdraw,Withdraw
"View Withdrawal Request","View Withdrawal Request"
"The params is not valid.","The params is not valid."
Review,Review
"Your withdrawal request has been submited.","Your withdrawal request has been submited."
"Escrow cron is ran","Escrow cron is ran"
"Escrow transaction #%1 is released","Escrow transaction #%1 is released"
"Model is not defined in the withdrawal method %1","Model is not defined in the withdrawal method %1"
"Item Commission","Item Commission"
"Commission of order #%1, item %2 x %3","Commission of order #%1, item %2 x %3"
"Order Payment","Order Payment"
"Credit from order #%1, invoice #%2","Credit from order #%1, invoice #%2"
"Refund Commission","Refund Commission"
"Refund Commission of order #%1, item %2 x %3","Refund Commission of order #%1, item %2 x %3"
"Refund Order","Refund Order"
"Refund order #%1, Creditmemo #%2","Refund order #%1, Creditmemo #%2"
"Refund spent credit(s) from order #%1","Refund spent credit(s) from order #%1"
"Withdraw Money","Withdraw Money"
"Can not cancel this transaction.","Can not cancel this transaction."
"Can not release this transaction.","Can not release this transaction."
Fixed,Fixed
Percent,Percent
Completed,Completed
Canceled,Canceled
"Can not cancel this withdrawal request.","Can not cancel this withdrawal request."
"Can not complete this withdrawal request.","Can not complete this withdrawal request."
"Method code of '%1' is not defined.","Method code of '%1' is not defined."
%1%,%1%
Withdrawal,Withdrawal
"There is a withdrawal request awaiting for your approval.<br /><a href=""%1"">Click here</a> to review the request.","There is a withdrawal request awaiting for your approval.<br /><a href=""%1"">Click here</a> to review the request."
"Seller Review","Seller Review"
"There are %1 withdrawal requests awaiting for your approval.<br /><a href=""%2"">Click here</a> to review the requests.","There are %1 withdrawal requests awaiting for your approval.<br /><a href=""%2"">Click here</a> to review the requests."
"Seller Dashboard","Seller Dashboard"
"The commission is calculated after the invoice is created for this item.","The commission is calculated after the invoice is created for this item."
"Your balance","Your balance"
"%1 fee is taken","%1 fee is taken"
"Withdrawal Amount","Withdrawal Amount"
"Your withdrawal amount must be greater than or equal %1","Your withdrawal amount must be greater than or equal %1"
"Paypal Email Account","Paypal Email Account"
"Your Bank Info","Your Bank Info"
"Bank Name:","Bank Name:"
"SWIFT Code:","SWIFT Code:"
"Account Holder:","Account Holder:"
"Account Number:","Account Number:"
Attribute,Attribute
Value,Value
"Personal Information","Personal Information"
"You can add the content here by adding a Static block with id %1","You can add the content here by adding a Static block with id %1"
"Login Information","Login Information"
"Password Strength","Password Strength"
"No Password","No Password"
"Confirm Password","Confirm Password"
"Previous Step","Previous Step"
"Next Step","Next Step"
"Create Seller Account","Create Seller Account"
"Add Theme","Add Theme"
"Save Theme","Save Theme"
"Add Config Sections","Add Config Sections"
"Edit Theme '%s'","Edit Theme '%s'"
"New Theme","New Theme"
"Theme Information","Theme Information"
"Theme Configuration","Theme Configuration"
"Base Theme","Base Theme"
"Preview Image","Preview Image"
"Home Page","Home Page"
"Default Home Content","Default Home Content"
"Layout Update XML","Layout Update XML"
Theme,Theme
"Reset to default","Reset to default"
"Edit Theme #%s","Edit Theme #%s"
"Home Content","Home Content"
Marketplace,Marketplace
"Wrong theme specified.","Wrong theme specified."
"POST data is not valid.","POST data is not valid."
"The theme has been deleted.","The theme has been deleted."
"This theme no longer exists.","This theme no longer exists."
"Manage Vendor Theme","Manage Vendor Theme"
"Edit Theme","Edit Theme"
"Manage Theme","Manage Theme"
"You saved the theme.","You saved the theme."
"%1's home page","%1's home page"
"The theme is no longer available","The theme is no longer available"
"Customize Theme","Customize Theme"
"Something went wrong","Something went wrong"
"The theme is reset to default.","The theme is reset to default."
"The theme is saved.","The theme is saved."
"-- Please Select -- ","-- Please Select -- "
"Warning !","Warning !"
"You are not allowed to access this feature.","You are not allowed to access this feature."
"Section Name","Section Name"
"-- Select a Tab --","-- Select a Tab --"
"Add a configuration section.","Add a configuration section."
"Add Section","Add Section"
"Toggle Nav","Toggle Nav"
"Select a Theme","Select a Theme"
"Default Theme","Default Theme"
"Period must not null.","Period must not null."
Bestseller,Bestseller
Quantity,Quantity
Amounts,Amounts
"Vendor Data","Vendor Data"
"Most Viewed Products","Most Viewed Products"
Views,Views
"Last Orders","Last Orders"
"Purchased Date","Purchased Date"
"Credit Amount","Credit Amount"
Credits,Credits
"Recently Added Products","Recently Added Products"
"Seller Panel","Seller Panel"
Dashboard,Dashboard
"Lifetime Sales","Lifetime Sales"
"Average Orders","Average Orders"
"Total Products","Total Products"
"Pending Credit","Pending Credit"
"We couldn't find any records.","We couldn't find any records."
"View All Products","View All Products"
"Credits Received","Credits Received"
"Credits Spent","Credits Spent"
"%1 - About Us","%1 - About Us"
"Vendor Domains","Vendor Domains"
"Your domain %1 is %2","Your domain %1 is %2"
approved,approved
"marked as pending","marked as pending"
unapproved,unapproved
"Pending Domains","Pending Domains"
"%1 - Refund Policies","%1 - Refund Policies"
"%1 - Shipping Policies","%1 - Shipping Policies"
"The domain is already in used by another seller.","The domain is already in used by another seller."
"Please enter your domain","Please enter your domain"
SERVER_NAME,SERVER_NAME
HTTP_HOST,HTTP_HOST
"Custom Param","Custom Param"
"Sub folder","Sub folder"
"Sub Domain","Sub Domain"
"Your own domain","Your own domain"
"Error occurred when saving coupon: %1","Error occurred when saving coupon: %1"
Approved,Approved
"This page does not exist for vendor","This page does not exist for vendor"
"Vendor Domain Approval","Vendor Domain Approval"
"There is a vendor domain awaiting for your approval.<br /><a href=""%1"">Click here</a> to review the domain.","There is a vendor domain awaiting for your approval.<br /><a href=""%1"">Click here</a> to review the domain."
"There are <strong style=""color: #ef672f"">%1</strong> vendor domains awaiting for your approval.<br /><a href=""%2"">Click here</a> to review the domains.","There are <strong style=""color: #ef672f"">%1</strong> vendor domains awaiting for your approval.<br /><a href=""%2"">Click here</a> to review the domains."
"Product is not loaded","Product is not loaded"
About,About
"Not available","Not available"
"Refund Policies","Refund Policies"
"Shipping Policies","Shipping Policies"
your-identifier,your-identifier
"We will check and add your domain as soon as possible.","We will check and add your domain as soon as possible."
www.yourdomain.com,www.yourdomain.com
"We will check and setup your domain as soon as possible. Make sure you have changed DNS records of your domain to point to our server.","We will check and setup your domain as soon as possible. Make sure you have changed DNS records of your domain to point to our server."
"How to change domain DNS?","How to change domain DNS?"
"Use Secure URLs","Use Secure URLs"
"""input"" value should be specified","""input"" value should be specified"
"vendor_id value should be specified","vendor_id value should be specified"
"Vendor id is already in used","Vendor id is already in used"
"The attribute model is not defined.","The attribute model is not defined."
"There is no data to process","There is no data to process"
"Can not delete the image: %1","Can not delete the image: %1"
Media,Media
"Manage Images","Manage Images"
Uploader,Uploader
"Add files ...","Add files ..."
Stop,Stop
"Images Queue","Images Queue"
"File name","File name"
"File size","File size"
"There is no item found.","There is no item found."
"There is no error.","There is no error."
"Allowed file types: %1.","Allowed file types: %1."
Images,Images
"In this page you can manage all of your images that will be used anywhere in your store.","In this page you can manage all of your images that will be used anywhere in your store."
"images found","images found"
"(%1 selected) ","(%1 selected) "
of,of
"There is no image found.","There is no image found."
"Notification id must be greater than 0.","Notification id must be greater than 0."
Notifications,Notifications
"The notification is not exist !","The notification is not exist !"
"You have %1 unread notifications","You have %1 unread notifications"
"You have %1 new notification","You have %1 new notification"
"Mark all as read","Mark all as read"
"You have no notification","You have no notification"
"View all","View all"
"File validation failed.","File validation failed."
"You can't delete this Template.","You can't delete this Template."
"Template successfully deleted.","Template successfully deleted."
"An error occurred while trying to delete this template.","An error occurred while trying to delete this template."
Templates,Templates
"Unable to upload image.","Unable to upload image."
"Template was successfully saved.","Template was successfully saved."
"A required field is missing.","A required field is missing."
"A template with this name already exists.","A template with this name already exists."
"Unable to get properties from image.","Unable to get properties from image."
"Delete %1?","Delete %1?"
"Are you sure you want to permanently delete template %1?","Are you sure you want to permanently delete template %1?"
"Page Name","Page Name"
"Page with ID: %s doesn't exist","Page with ID: %s doesn't exist"
"ID: %s","ID: %s"
"Product Name or SKU","Product Name or SKU"
"Start typing to find products","Start typing to find products"
"Product with ID: %s doesn't exist","Product with ID: %s doesn't exist"
"Items (%1)","Items (%1)"
"Vendor's home page","Vendor's home page"
"%1's items","%1's items"
Top,Top
Left,Left
"View All %1 Items","View All %1 Items"
"Refund Policy","Refund Policy"
"Shipping Policy","Shipping Policy"
"Scroll To Top","Scroll To Top"
"Select and Sell","Select and Sell"
"Save Product","Save Product"
"Save & Submit for Approval","Save & Submit for Approval"
"Select And Sell","Select And Sell"
"This product no longer exists.","This product no longer exists."
"Manage Products","Manage Products"
"Default Values","Default Values"
"Unable to save product","Unable to save product"
"You saved the product.","You saved the product."
"SKU for product %1 has been changed to %2.","SKU for product %1 has been changed to %2."
"The product from first vendor who created it","The product from first vendor who created it"
"The lowest price product","The lowest price product"
"Sell This Product","Sell This Product"
"New Option","New Option"
"Bundle Items","Bundle Items"
"Add configurable attributes to the current Attribute Set (""%1"")","Add configurable attributes to the current Attribute Set (""%1"")"
"Add configurable attributes to the existing Attribute Set","Add configurable attributes to the existing Attribute Set"
"Choose existing Attribute Set","Choose existing Attribute Set"
"Save & New","Save & New"
"Save & Duplicate","Save & Duplicate"
"Save & Close","Save & Close"
"Configuration must have specified attributes","Configuration must have specified attributes"
"Choose Affected Attribute Set","Choose Affected Attribute Set"
"Add configurable attributes to the current Attribute Set","Add configurable attributes to the current Attribute Set"
Confirm,Confirm
"New Attribute Set Name","New Attribute Set Name"
"Associated Products","Associated Products"
"Choose an Option...","Choose an Option..."
"Step 2: Attribute Values","Step 2: Attribute Values"
"Select values from each attribute to include in this product. Each unique combination of values creates a unigue product SKU.","Select values from each attribute to include in this product. Each unique combination of values creates a unigue product SKU."
"Sort Variations","Sort Variations"
Options,Options
"Select All","Select All"
"Deselect All","Deselect All"
"Remove Attribute","Remove Attribute"
"Save Option","Save Option"
"Remove Option","Remove Option"
"Step 3: Bulk Images, Price and Quantity","Step 3: Bulk Images, Price and Quantity"
"Based on your selections %1 new products will be created. Use this step to customize images and price for your new products.","Based on your selections %1 new products will be created. Use this step to customize images and price for your new products."
"Apply single set of images to all SKUs","Apply single set of images to all SKUs"
"Apply unique images by attribute to each SKU","Apply unique images by attribute to each SKU"
"Skip image uploading at this time","Skip image uploading at this time"
"Remove image","Remove image"
"Alt Text","Alt Text"
Role,Role
"Image Size","Image Size"
{size},{size}
"Image Resolution","Image Resolution"
"{width}^{height} px","{width}^{height} px"
"Hide from Product Page","Hide from Product Page"
"Select attribute","Select attribute"
Select,Select
"Apply single price to all SKUs","Apply single price to all SKUs"
"Apply unique prices by attribute to each SKU","Apply unique prices by attribute to each SKU"
"Skip price at this time","Skip price at this time"
"Apply single quantity to each SKUs","Apply single quantity to each SKUs"
"Apply unique quantity by attribute to each SKU","Apply unique quantity by attribute to each SKU"
"Skip quantity at this time","Skip quantity at this time"
"Step 1: Select Attributes","Step 1: Select Attributes"
"Selected Attributes:","Selected Attributes:"
"Step 4: Summary","Step 4: Summary"
"Something went wrong while getting the requested content.","Something went wrong while getting the requested content."
"Downloadable Information","Downloadable Information"
"To enable the option set the weight to no","To enable the option set the weight to no"
"Is this downloadable Product?","Is this downloadable Product?"
Links,Links
"Links can be purchased separately","Links can be purchased separately"
"Alphanumeric, dash and underscore characters are recommended for filenames. Improper characters are replaced with '_'.","Alphanumeric, dash and underscore characters are recommended for filenames. Improper characters are replaced with '_'."
"Add Link","Add Link"
File,File
Sample,Sample
Shareable,Shareable
"Max. Downloads","Max. Downloads"
Unlimited,Unlimited
Samples,Samples
sample,sample
U,U
"Missing key %1 in product data","Missing key %1 in product data"
"Concrete type for %1 not implemented","Concrete type for %1 not implemented"
"%1 type not defined in schema.","%1 type not defined in schema."
"Grouped Products","Grouped Products"
"Add Products to Group","Add Products to Group"
"Add Selected Products","Add Selected Products"
"A grouped product is made up of multiple, standalone products that are presented as a group. You can offer variations of a single product, or group them by season or theme to create a coordinated set. Each product can be purchased separately, or as part of the group.","A grouped product is made up of multiple, standalone products that are presented as a group. You can offer variations of a single product, or group them by season or theme to create a coordinated set. Each product can be purchased separately, or as part of the group."
Thumbnail,Thumbnail
"Default Quantity","Default Quantity"
Availability:,Availability:
"No options of this product are available.","No options of this product are available."
"There are no grouped products.","There are no grouped products."
"Default Qty","Default Qty"
"Export Products","Export Products"
"Manage Import Queue","Manage Import Queue"
"Import Product","Import Product"
"Start Queue","Start Queue"
"Import Form","Import Form"
"Back To Import Queue","Back To Import Queue"
"Please correct the data sent value.","Please correct the data sent value."
Import,Import
"Import Products","Import Products"
"A total of %1 record(s) have been set for importing in background.","A total of %1 record(s) have been set for importing in background."
"Start Import Queue","Start Import Queue"
"Sorry, but the data is invalid or the file is not uploaded.","Sorry, but the data is invalid or the file is not uploaded."
"The file was not uploaded.","The file was not uploaded."
"This file is empty. Please try another one.","This file is empty. Please try another one."
"Data validation failed. Please fix the following errors and upload the file again.","Data validation failed. Please fix the following errors and upload the file again."
"File is valid. All rows have been added to import queue! To start import ","File is valid. All rows have been added to import queue! To start import "
"The file is valid, but we can't import it for some reason.","The file is valid, but we can't import it for some reason."
"Checked rows: %1, checked entities: %2, invalid rows: %3, total errors: %4","Checked rows: %1, checked entities: %2, invalid rows: %3, total errors: %4"
"Show more","Show more"
"Additional data","Additional data"
"Following Error(s) has been occurred during importing process:","Following Error(s) has been occurred during importing process:"
"Only the first 100 errors are shown. ","Only the first 100 errors are shown. "
"in row(s):","in row(s):"
"The file cannot be uploaded.","The file cannot be uploaded."
"The file you uploaded has no extension.","The file you uploaded has no extension."
"The source file moving process failed.","The source file moving process failed."
"The adapter type must be a non-empty string.","The adapter type must be a non-empty string."
"'%1' file extension is not supported","'%1' file extension is not supported"
"Adapter must be an instance of \Magento\ImportExport\Model\Import\AbstractSource","Adapter must be an instance of \Magento\ImportExport\Model\Import\AbstractSource"
"The SKU is already in used by another seller","The SKU is already in used by another seller"
"Product %1 is deleted.","Product %1 is deleted."
"Product %1 is not available to delete.","Product %1 is not available to delete."
"The product is not available.","The product is not available."
"Wrong attribute set code ""%1"", please correct it and try again.","Wrong attribute set code ""%1"", please correct it and try again."
"Item ""%1"" has been imported.","Item ""%1"" has been imported."
"Item ""%1"": %2","Item ""%1"": %2"
"File directory '%1' is not readable.","File directory '%1' is not readable."
"File directory '%1' is not writable.","File directory '%1' is not writable."
"Category %1 does not exist","Category %1 does not exist"
"The sheet name '%1' does not exist.","The sheet name '%1' does not exist."
"Error in data structure: %1 values are mixed","Error in data structure: %1 values are mixed"
Append,Append
Draft,Draft
"In Process","In Process"
Importing,Importing
"Export Settings","Export Settings"
"Export File Format","Export File Format"
"Fields Enclosure","Fields Enclosure"
Filter,Filter
"Add Filter","Add Filter"
"Import Queue","Import Queue"
"In order to import product let click %1 button.","In order to import product let click %1 button."
"After all of your products are added to import queue let click %1 button to start import product manually.","After all of your products are added to import queue let click %1 button to start import product manually."
"If you update information for exist products using import function, Your products will have status %1 and they will not be displayed in frontend until they are reviewed and approved.","If you update information for exist products using import function, Your products will have status %1 and they will not be displayed in frontend until they are reviewed and approved."
"When products are imported to queue they will have this status. You can import these items manually.","When products are imported to queue they will have this status. You can import these items manually."
"Items will have this status when you select action ""Import in Background"". All items have this status will be imported automatically by cron job.","Items will have this status when you select action ""Import in Background"". All items have this status will be imported automatically by cron job."
"Items with this status are importing by cron job.","Items with this status are importing by cron job."
"All items have this status are not imported because error. You can click to the Error label to get detail information about the error.","All items have this status are not imported because error. You can click to the Error label to get detail information about the error."
"In this page you can manage all of your images that will be used for importing products.","In this page you can manage all of your images that will be used for importing products."
"Instead of upload your product images here you can also use the image url in your import csv file.","Instead of upload your product images here you can also use the image url in your import csv file."
"Select All on This Page","Select All on This Page"
"Deselect All on This Page","Deselect All on This Page"
"File Name","File Name"
"File Size","File Size"
"Last Modify","Last Modify"
"Importing ...","Importing ..."
"Start Import","Start Import"
Result,Result
"Select File to Import","Select File to Import"
"Import Behavior","Import Behavior"
Add/Update,Add/Update
"After the csv file is uploaded, all products from the imported file will be validated and added to import queue.","After the csv file is uploaded, all products from the imported file will be validated and added to import queue."
"You can import faster by packing the csv file as zip package.","You can import faster by packing the csv file as zip package."
"Importing new file will not affect to current items in import queue. So you will need to take care about two or more items have same sku in import queue.","Importing new file will not affect to current items in import queue. So you will need to take care about two or more items have same sku in import queue."
"The product information will not be added or updated until you run the import queue.","The product information will not be added or updated until you run the import queue."
Url,Url
"Get Video Information","Get Video Information"
"YouTube and Vimeo supported.","YouTube and Vimeo supported."
"Protocol isn't allowed","Protocol isn't allowed"
"Disallowed file type.","Disallowed file type."
"The preview image information is unavailable. Check your connection and try again.","The preview image information is unavailable. Check your connection and try again."
"Add Video","Add Video"
"Delete video","Delete video"
Title:,Title:
Uploaded:,Uploaded:
Uploader:,Uploader:
Duration:,Duration:
"Reject Changes","Reject Changes"
"Approve Changes","Approve Changes"
"Review Product '%1'","Review Product '%1'"
"Update Changes","Update Changes"
"Restore to Default","Restore to Default"
"You are about to restore this product form to default form. Are you sure you want to do that?","You are about to restore this product form to default form. Are you sure you want to do that?"
Empty,Empty
"Edit Attribute Set Name","Edit Attribute Set Name"
"%1Click here%2 to edit product attribute set","%1Click here%2 to edit product attribute set"
"Based On","Based On"
Approval,Approval
"Add Product","Add Product"
"Close Window","Close Window"
"Submit for Approval","Submit for Approval"
"New Product","New Product"
"Save as Draft","Save as Draft"
"Parent Category","Parent Category"
"If there are no custom parent categories, please use the default parent category. You can reassign the category at any time in <a href=""%1"" target=""_blank"">Products > Categories</a>.","If there are no custom parent categories, please use the default parent category. You can reassign the category at any time in <a href=""%1"" target=""_blank"">Products > Categories</a>."
"Vimeo and Youtube are supported.<br />","Vimeo and Youtube are supported.<br />"
"Advanced Inventory","Advanced Inventory"
"start typing to search category","start typing to search category"
Weight,Weight
"Updates of %1 are approved","Updates of %1 are approved"
"The product %1 has been approved","The product %1 has been approved"
"Pending Products","Pending Products"
"Product %1 is approved","Product %1 is approved"
"A total of %1 product(s) have been approved.","A total of %1 product(s) have been approved."
"Updates of %1 are rejected","Updates of %1 are rejected"
"Product %1 is rejected","Product %1 is rejected"
"A total of %1 product(s) have been unapproved.","A total of %1 product(s) have been unapproved."
"The product %1 is rejected","The product %1 is rejected"
"The attribute set has been restored.","The attribute set has been restored."
"We can't delete this set right now.","We can't delete this set right now."
"Attribute Sets","Attribute Sets"
"New Set","New Set"
"Manage Product Sets","Manage Product Sets"
"Add Product Form","Add Product Form"
"This attribute set no longer exists.","This attribute set no longer exists."
"You saved the add product form set.","You saved the add product form set."
"Something went wrong while saving the add product form.","Something went wrong while saving the add product form."
"Your product %1 has been submited for approval.","Your product %1 has been submited for approval."
"Something went wrong while updating the product(s) status.","Something went wrong while updating the product(s) status."
"Could not get preview image information. Please check your connection and try again.","Could not get preview image information. Please check your connection and try again."
"A total of %1 record(s) have been submited.","A total of %1 record(s) have been submited."
"Please make sure to define SKU values for all processed products.","Please make sure to define SKU values for all processed products."
"Product type do not exist.","Product type do not exist."
"You are not allowed to use this product type: ""%1""","You are not allowed to use this product type: ""%1"""
"You duplicated the product.","You duplicated the product."
"Sorry, something went wrong during send email. Please see log for details.","Sorry, something went wrong during send email. Please see log for details."
"Vertical Tabs","Vertical Tabs"
"Click here to add videos.","Click here to add videos."
"New Video","New Video"
"Something went wrong while processing the request.","Something went wrong while processing the request."
"Not Submited","Not Submited"
"Pending New","Pending New"
"Pending Update","Pending Update"
Unapproved,Unapproved
"All selected attributes will be required for approval","All selected attributes will be required for approval"
"All selected attributes will not be required for approval.","All selected attributes will not be required for approval."
"This attribute value is changed but has not been approved yet.","This attribute value is changed but has not been approved yet."
"Product Approval","Product Approval"
"There is a product awaiting for your approval.<br /><a href=""%1"">Click here</a> to review the product.","There is a product awaiting for your approval.<br /><a href=""%1"">Click here</a> to review the product."
"There are <strong style=""color: #ef672f"">%1</strong> products awaiting for your approval.<br /><a href=""%2"">Click here</a> to review the products.","There are <strong style=""color: #ef672f"">%1</strong> products awaiting for your approval.<br /><a href=""%2"">Click here</a> to review the products."
"The product does not exist.","The product does not exist."
"Some of the products are invalid.","Some of the products are invalid."
"The Product is invalid. Verify the product and try again","The Product is invalid. Verify the product and try again"
"View Update Changes","View Update Changes"
"Advanced Pricing","Advanced Pricing"
"Customer Group Price","Customer Group Price"
Website,Website
"Special Price From","Special Price From"
Done,Done
[GLOBAL],[GLOBAL]
"Add Value","Add Value"
[WEBSITE],[WEBSITE]
Groups,Groups
"Double click on a group to rename it.","Double click on a group to rename it."
"Unassigned Attributes","Unassigned Attributes"
"A name is required.","A name is required."
"This group contains system attributes. Please move system attributes to another group and try again.","This group contains system attributes. Please move system attributes to another group and try again."
"Please enter a new group name.","Please enter a new group name."
"An attribute group named ""/name/"" already exists"".","An attribute group named ""/name/"" already exists""."
"Sorry, we're unable to complete this request.","Sorry, we're unable to complete this request."
"You can't remove attributes from this attribute set.","You can't remove attributes from this attribute set."
"There is no changes.","There is no changes."
"Store: %1","Store: %1"
"start typing to search template","start typing to search template"
"Product online","Product online"
"Product offline","Product offline"
"Product online status","Product online status"
"Web Site","Web Site"
"Item Price","Item Price"
"and above","and above"
"Product In Websites","Product In Websites"
"To hide an item in catalog or search results, set the status to ""Disabled"".","To hide an item in catalog or search results, set the status to ""Disabled""."
"(Copy data from: %1)","(Copy data from: %1)"
"Product Alerts","Product Alerts"
"Manage Stock","Manage Stock"
"Use Config Settings","Use Config Settings"
"Out-of-Stock Threshold","Out-of-Stock Threshold"
"Minimum Qty Allowed in Shopping Cart","Minimum Qty Allowed in Shopping Cart"
"Maximum Qty Allowed in Shopping Cart","Maximum Qty Allowed in Shopping Cart"
"Qty Uses Decimals","Qty Uses Decimals"
"Allow Multiple Boxes for Shipping.","Allow Multiple Boxes for Shipping."
Backorders,Backorders
"Notify for Quantity Below","Notify for Quantity Below"
"Enable Qty Increments","Enable Qty Increments"
"Qty Increments","Qty Increments"
"Stock Availability","Stock Availability"
"Basic Settings","Basic Settings"
"Advanced Settings","Advanced Settings"
"Changes have been made to this section that have not been saved.","Changes have been made to this section that have not been saved."
"This tab contains invalid data. Please resolve this before saving.","This tab contains invalid data. Please resolve this before saving."
"Save Process","Save Process"
"Edit Process '%s'","Edit Process '%s'"
"New Process","New Process"
"Process Information","Process Information"
"Group Information","Group Information"
"Profile Process","Profile Process"
"Wrong process specified.","Wrong process specified."
"The process has been deleted.","The process has been deleted."
"Something went wrong while deleting the group data. Please review the error log.","Something went wrong while deleting the group data. Please review the error log."
"This profile process no longer exists.","This profile process no longer exists."
"Manage Vendor Profile Process","Manage Vendor Profile Process"
"New Profile Process","New Profile Process"
"Edit Seller Group","Edit Seller Group"
"Manage Profile Processes","Manage Profile Processes"
"The profile process is not available.","The profile process is not available."
"You saved the process.","You saved the process."
"Something went wrong while saving the group data. Please review the error log.","Something went wrong while saving the group data. Please review the error log."
"Show message one time after vendor login","Show message one time after vendor login"
"Keep notice message showing on all pages","Keep notice message showing on all pages"
"Vendor Attribute","Vendor Attribute"
"Vendor have to set value for these attributes to complete this profile process.","Vendor have to set value for these attributes to complete this profile process."
"Vendor Configuration","Vendor Configuration"
"Vendor have to set value for these config fields to complete this profile process.","Vendor have to set value for these config fields to complete this profile process."
"Your Profile is incomplete. Please check all notifications on the top header of your vendor panel.","Your Profile is incomplete. Please check all notifications on the top header of your vendor panel."
"You have %1 pending tasks","You have %1 pending tasks"
"Your profile is %1 completed","Your profile is %1 completed"
"limit value must be greater than 0.","limit value must be greater than 0."
"Low stock","Low stock"
"Products Ordered","Products Ordered"
"Today: %1","Today: %1"
"Yesterday: %1","Yesterday: %1"
"This week (Sun - Today): %1","This week (Sun - Today): %1"
"This week (Sun - Today): %1 - %2","This week (Sun - Today): %1 - %2"
"This week (Mon - Today): %1","This week (Mon - Today): %1"
"This week (Mon - Today): %1 - %2","This week (Mon - Today): %1 - %2"
"Last 7 days: %1 - %2","Last 7 days: %1 - %2"
"Last week (Sun - Sat): %1 - %2","Last week (Sun - Sat): %1 - %2"
"Last week (Mon - Sun): %1 - %2","Last week (Mon - Sun): %1 - %2"
"This month: %1 - %2","This month: %1 - %2"
"Last 30 days: %1 - %2","Last 30 days: %1 - %2"
"Last month: %1 - %2","Last month: %1 - %2"
"All time: %1 - %2","All time: %1 - %2"
Today,Today
Yesterday,Yesterday
"This week (Sun - Today)","This week (Sun - Today)"
"This week (Mon - Today)","This week (Mon - Today)"
"Last 7 days","Last 7 days"
"Last week (Sun - Sat)","Last week (Sun - Sat)"
"Last week (Mon - Sun)","Last week (Mon - Sun)"
"This month","This month"
"Last 30 days","Last 30 days"
"Last month","Last month"
"All time","All time"
Reports,Reports
"Low Stock Report","Low Stock Report"
"Ordered Products Report","Ordered Products Report"
"Sales by Day of Week","Sales by Day of Week"
"Sales by Hour","Sales by Hour"
"Sales Reports","Sales Reports"
"Sales by Month of Year","Sales by Month of Year"
Sunday,Sunday
Monday,Monday
Tuesday,Tuesday
Wednesday,Wednesday
Thursday,Thursday
Friday,Friday
Staturday,Staturday
"0:00 - 0:59","0:00 - 0:59"
Hour,Hour
Day,Day
Week,Week
Month,Month
Quarter,Quarter
Year,Year
"Show By","Show By"
"Custom: %1 - %2","Custom: %1 - %2"
"Download CSV","Download CSV"
"Mark as Resolve","Mark as Resolve"
[Admin],[Admin]
[Customer],[Customer]
[Vendor],[Vendor]
"RMA Escalate","RMA Escalate"
Notes,Notes
"Vendor Information","Vendor Information"
"Refund Amount","Refund Amount"
Vendor,Vendor
"Mark as Resolve for RMA #'%1'","Mark as Resolve for RMA #'%1'"
"-- Select Solution --","-- Select Solution --"
"Accept Customer's RMA Request","Accept Customer's RMA Request"
"Deny Customer's RMA Request","Deny Customer's RMA Request"
"Resolve Customer's RMA Request","Resolve Customer's RMA Request"
Solution,Solution
"-- Select Template --","-- Select Template --"
"Template Customer","Template Customer"
"Template Vendor","Template Vendor"
"Add New Template","Add New Template"
"Transactional Emails","Transactional Emails"
"Delete Template","Delete Template"
"Convert to Plain Text","Convert to Plain Text"
"Return Html Version","Return Html Version"
"Preview Template","Preview Template"
"Save Template","Save Template"
"Load Template","Load Template"
"Edit Email Template","Edit Email Template"
"New Email Template","New Email Template"
"Default Config","Default Config"
"Template Information","Template Information"
"Currently Used For","Currently Used For"
"Template Name","Template Name"
"Template Subject","Template Subject"
"Type Send Mail","Type Send Mail"
"Use Custom Message","Use Custom Message"
"If yes then please add command <strong>{{var custom_message}}</strong> into Template Content","If yes then please add command <strong>{{var custom_message}}</strong> into Template Content"
"Insert Variable...","Insert Variable..."
"Template Content","Template Content"
"Template Styles","Template Styles"
Unknown,Unknown
"--- Select Refund Amount ---","--- Select Refund Amount ---"
"Full Amount","Full Amount"
"Custom Amount","Custom Amount"
"Submit Escalate","Submit Escalate"
"Escalate RMA #%1","Escalate RMA #%1"
"Escalate Information","Escalate Information"
"Escalate RMA","Escalate RMA"
"Confirm Package Is Returned","Confirm Package Is Returned"
"Edit '%1'","Edit '%1'"
"Response Information","Response Information"
"You deleted the email template.","You deleted the email template."
"The email template is currently being used.","The email template is currently being used."
"We can't delete email template data right now. Please review log and try again.","We can't delete email template data right now. Please review log and try again."
"We can't find an email template to delete.","We can't find an email template to delete."
"Edit Template","Edit Template"
"Edit System Template","Edit System Template"
"New Template","New Template"
"New System Template","New System Template"
"Email Templates","Email Templates"
"Email Template","Email Template"
"RMA - Email Template","RMA - Email Template"
"Email Preview","Email Preview"
"An error occurred. The email template can not be opened for preview.","An error occurred. The email template can not be opened for preview."
"This email template no longer exists.","This email template no longer exists."
"You saved the email template.","You saved the email template."
"Manage Email Template","Manage Email Template"
"RMA #%1 has a new message","RMA #%1 has a new message"
"A new RMA #%1 has been submited","A new RMA #%1 has been submited"
"You must select state when resolve RMA.","You must select state when resolve RMA."
"RMA #%1 has been changed it's status to %2","RMA #%1 has been changed it's status to %2"
"Rma was successfully processed","Rma was successfully processed"
[#,[#
Escalate,Escalate
"Something went wrong while saving the escalate(s).","Something went wrong while saving the escalate(s)."
"The request has been escalated","The request has been escalated"
"'Please enter a valid amount in this field. Max amount:' .","'Please enter a valid amount in this field. Max amount:' ."
"RMA #%1 has been changed amount refund","RMA #%1 has been changed amount refund"
"RMA #%1 has been changed it's item qty","RMA #%1 has been changed it's item qty"
"The vendor has escalated your RMA request to Admin,
            please <a href=""%1"">click here</a> to provide more evidences.","The vendor has escalated your RMA request to Admin,
            please <a href=""%1"">click here</a> to provide more evidences."
"The RMA request is escalated, please wait for the other party's response","The RMA request is escalated, please wait for the other party's response"
"The vendor has escalated your RMA request to Admin, 
            please <a href=""%1"">click here</a> to provide more evidences.","The vendor has escalated your RMA request to Admin, 
            please <a href=""%1"">click here</a> to provide more evidences."
"Rma was successfully changed status to ""package is retured""","Rma was successfully changed status to ""package is retured"""
"The customer has escalated their RMA request to Admin, 
            please <a href=""%1"">click here</a> to provide more evidences.","The customer has escalated their RMA request to Admin, 
            please <a href=""%1"">click here</a> to provide more evidences."
"Something went wrong while saving the amount refund(s).","Something went wrong while saving the amount refund(s)."
"Area is already set","Area is already set"
"Design config must have area and store.","Design config must have area and store."
"Template Variables","Template Variables"
"Please enter a template name.","Please enter a template name."
"Duplicate Of Template Name","Duplicate Of Template Name"
"Invalid transactional email code: %1","Invalid transactional email code: %1"
"Admin and Vendor","Admin and Vendor"
"RMA Request","RMA Request"
"There is a request RMA awaiting for your process.<br /><a href=""%1"">Click here</a> to review the request.","There is a request RMA awaiting for your process.<br /><a href=""%1"">Click here</a> to review the request."
"There are <strong style=""color: #ef672f"">%1</strong> requests RMA awaiting for your process.<br /><a href=""%2"">Click here</a> to review the requests.","There are <strong style=""color: #ef672f"">%1</strong> requests RMA awaiting for your process.<br /><a href=""%2"">Click here</a> to review the requests."
"You can not add product for more than 1 vendor.","You can not add product for more than 1 vendor."
"Custom amount is not valid.","Custom amount is not valid."
"Created Date","Created Date"
"No Vendor","No Vendor"
"Vendor Id","Vendor Id"
"Edit Amount","Edit Amount"
"View History","View History"
"RMA dont have escalate.","RMA dont have escalate."
"Please Select Template!","Please Select Template!"
"Custom Message","Custom Message"
"Load default template","Load default template"
Template,Template
"Are you sure you want to strip tags?","Are you sure you want to strip tags?"
"Are you sure you want to delete this template?","Are you sure you want to delete this template?"
"The template did not load. Please review the log for details.","The template did not load. Please review the log for details."
"Not available for creating RMA.","Not available for creating RMA."
"An item is not available for creating RMA when the order is not paid or there is an open RMA created for that item already.","An item is not available for creating RMA when the order is not paid or there is an open RMA created for that item already."
"--- Select an Type ---","--- Select an Type ---"
"Max Amount: ","Max Amount: "
"&laquo;Back View RMA","&laquo;Back View RMA"
"Refund Amount :","Refund Amount :"
"Change Amount","Change Amount"
"Update ...","Update ..."
"Update Escalate","Update Escalate"
Attachment,Attachment
"There is no notification.","There is no notification."
"Order id must be greater than 0.","Order id must be greater than 0."
"Vendor order id and items must be not null.","Vendor order id and items must be not null."
"Invoice type not defined in schema.","Invoice type not defined in schema."
"Order type not defined in schema.","Order type not defined in schema."
"New Credit Memo for Invoice #%1","New Credit Memo for Invoice #%1"
"New Credit Memo for Order #%1","New Credit Memo for Order #%1"
"Update Qty's","Update Qty's"
"Refund Offline","Refund Offline"
"Paid Amount","Paid Amount"
"Shipping Amount","Shipping Amount"
"Shipping Refund","Shipping Refund"
"Order Grand Total","Order Grand Total"
"Adjustment Refund","Adjustment Refund"
"Adjustment Fee","Adjustment Fee"
"New Shipment for Order #%1","New Shipment for Order #%1"
"Submit Shipment","Submit Shipment"
"You are trying to add a quantity for some products that doesn't match the quantity that was shipped.","You are trying to add a quantity for some products that doesn't match the quantity that was shipped."
"Products should be added to package(s)","Products should be added to package(s)"
"The value that you entered is not valid.","The value that you entered is not valid."
"Add Tracking Number","Add Tracking Number"
"Custom Value","Custom Value"
Purchased,Purchased
"Bill-to Name","Bill-to Name"
"Ship-to Name","Ship-to Name"
"Order Total","Order Total"
"Purchase Point","Purchase Point"
"This will create an offline refund. To create an online refund, open an invoice and create credit memo for it. Do you want to continue?","This will create an offline refund. To create an online refund, open an invoice and create credit memo for it. Do you want to continue?"
"Credit Memo","Credit Memo"
Ship,Ship
"Order # %1 %2 | %3","Order # %1 %2 | %3"
"Refund Shipping (Incl. Tax)","Refund Shipping (Incl. Tax)"
"Refund Shipping (Excl. Tax)","Refund Shipping (Excl. Tax)"
"Refund Shipping","Refund Shipping"
"Shipping & Handling","Shipping & Handling"
"Are you sure you want to send a credit memo email to customer?","Are you sure you want to send a credit memo email to customer?"
Void,Void
"The credit memo email was sent.","The credit memo email was sent."
"The credit memo email wasn't sent.","The credit memo email wasn't sent."
"Credit Memo #%1 | %3 | %2 (%4)","Credit Memo #%1 | %3 | %2 (%4)"
"New Invoice and Shipment for Order #%1","New Invoice and Shipment for Order #%1"
"New Invoice for Order #%1","New Invoice for Order #%1"
"Submit Invoice and Shipment","Submit Invoice and Shipment"
"Submit Invoice","Submit Invoice"
"Are you sure you want to send an invoice email to customer?","Are you sure you want to send an invoice email to customer?"
Capture,Capture
"The invoice email was sent.","The invoice email was sent."
"The invoice email wasn't sent.","The invoice email wasn't sent."
"Invoice #%1 | %2 | %4 (%3)","Invoice #%1 | %2 | %4 (%3)"
"Send Tracking Information","Send Tracking Information"
"Are you sure you want to send a Shipment email to customer?","Are you sure you want to send a Shipment email to customer?"
"the shipment email was sent","the shipment email was sent"
"the shipment email is not sent","the shipment email is not sent"
"Shipment #%1 | %3 (%2)","Shipment #%1 | %3 (%2)"
"Are you sure you want to cancel this order?","Are you sure you want to cancel this order?"
"Invoice and Ship","Invoice and Ship"
Invoice,Invoice
"This order contains (%1) items and therefore cannot be edited through the admin interface. If you wish to continue editing, the (%2) items will be removed,  the order will be canceled and a new order will be placed.","This order contains (%1) items and therefore cannot be edited through the admin interface. If you wish to continue editing, the (%2) items will be removed,  the order will be canceled and a new order will be placed."
"Are you sure? This order will be canceled and a new one will be created instead.","Are you sure? This order will be canceled and a new one will be created instead."
"Submit Comment","Submit Comment"
"We can't get the order instance right now.","We can't get the order instance right now."
"Order View","Order View"
"We can't create credit memo for the order.","We can't create credit memo for the order."
"Credit Memos","Credit Memos"
"New Memo for #%1","New Memo for #%1"
"New Memo (%1)","New Memo (%1)"
"You created the credit memo.","You created the credit memo."
"We can't save the credit memo right now.","We can't save the credit memo right now."
"We can't update the item's quantity right now.","We can't update the item's quantity right now."
"View Memo for #%1","View Memo for #%1"
"View Memo","View Memo"
"Manage Seller's Invoices","Manage Seller's Invoices"
"This order no longer exists.","This order no longer exists."
"Please enter a comment.","Please enter a comment."
"We cannot add order history.","We cannot add order history."
"You canceled the order.","You canceled the order."
"Manage Seller's Orders","Manage Seller's Orders"
"Exception occurred during order load","Exception occurred during order load"
"You created the shipping label.","You created the shipping label."
Shipments,Shipments
"New Shipment (%1)","New Shipment (%1)"
"We can't save the shipment right now.","We can't save the shipment right now."
"""Shipment Document Validation Error(s):\n"" .","""Shipment Document Validation Error(s):\n"" ."
"The shipment has been created.","The shipment has been created."
"An error occurred while creating shipping label.","An error occurred while creating shipping label."
"Cannot save shipment.","Cannot save shipment."
"Cannot do shipment for the order separately from invoice.","Cannot do shipment for the order separately from invoice."
"Cannot do shipment for the order.","Cannot do shipment for the order."
"Tracking information must contain title, carrier code, and tracking number","Tracking information must contain title, carrier code, and tracking number"
"This order does not exists.","This order does not exists."
"%1 order(s) cannot be canceled.","%1 order(s) cannot be canceled."
"You cannot cancel the order(s).","You cannot cancel the order(s)."
"We canceled %1 order(s).","We canceled %1 order(s)."
"There are no printable documents related to selected orders.","There are no printable documents related to selected orders."
"There are no shipping labels related to selected orders.","There are no shipping labels related to selected orders."
"You sent the message.","You sent the message."
Creditmemos,Creditmemos
Invoices,Invoices
"Cannot add new comment.","Cannot add new comment."
"The credit memo has been canceled.","The credit memo has been canceled."
"Credit memo has not been canceled.","Credit memo has not been canceled."
Creditmemo,Creditmemo
"New Creditmemo","New Creditmemo"
"New Memo","New Memo"
"View Creditmemo","View Creditmemo"
"New Invoice","New Invoice"
"You created the invoice and shipment.","You created the invoice and shipment."
"The invoice has been created.","The invoice has been created."
"We can't send the invoice email right now.","We can't send the invoice email right now."
"We can't send the shipment right now.","We can't send the shipment right now."
"Cannot update item quantity.","Cannot update item quantity."
"Please specify a carrier.","Please specify a carrier."
"Please enter a tracking number.","Please enter a tracking number."
"We can't initialize shipment for adding tracking number.","We can't initialize shipment for adding tracking number."
"Cannot add tracking number.","Cannot add tracking number."
"You sent the shipment.","You sent the shipment."
"Cannot send shipment information.","Cannot send shipment information."
"New Shipment","New Shipment"
"We don't recognize or support the file extension in this shipment: %1.","We don't recognize or support the file extension in this shipment: %1."
"We can't initialize shipment for delete tracking number.","We can't initialize shipment for delete tracking number."
"We can't delete tracking number.","We can't delete tracking number."
"We can't load track with retrieving identifier right now.","We can't load track with retrieving identifier right now."
"There are no shipping labels related to selected shipments.","There are no shipping labels related to selected shipments."
"We cannot cancel this order.","We cannot cancel this order."
"You can not refund shipping if there is no shipping amount.","You can not refund shipping if there is no shipping amount."
"Credit Memo # ","Credit Memo # "
"Order # ","Order # "
"Order Date: ","Order Date: "
"Sold to:","Sold to:"
"Ship to:","Ship to:"
"Payment Method:","Payment Method:"
"Shipping Method:","Shipping Method:"
"Total Shipping Charges","Total Shipping Charges"
"Invoice # ","Invoice # "
"Packing Slip # ","Packing Slip # "
Number,Number
"We cannot register an existing credit memo.","We cannot register an existing credit memo."
"The most money available to refund is %1.","The most money available to refund is %1."
"We found an invalid quantity to invoice item ""%1"".","We found an invalid quantity to invoice item ""%1""."
"New order #%1 is placed","New order #%1 is placed"
"Payment &amp; Shipping Method","Payment &amp; Shipping Method"
"Payment Information","Payment Information"
"The order was placed using %1.","The order was placed using %1."
"Shipping Information","Shipping Information"
"Incl. Tax","Incl. Tax"
"Items to Refund","Items to Refund"
"Return to Stock","Return to Stock"
"Qty to Refund","Qty to Refund"
Subtotal,Subtotal
"Tax Amount","Tax Amount"
"Row Total","Row Total"
"No Items To Refund","No Items To Refund"
"Credit Memo Comments","Credit Memo Comments"
"Comment Text","Comment Text"
"Refund Totals","Refund Totals"
"Append Comments","Append Comments"
"Email Copy of Credit Memo","Email Copy of Credit Memo"
"Please enter a positive number in this field.","Please enter a positive number in this field."
"Seller: %1","Seller: %1"
"No Seller","No Seller"
"Items to Ship","Items to Ship"
"Qty to Ship","Qty to Ship"
"Shipment Total","Shipment Total"
"Shipment Comments","Shipment Comments"
"Shipment Options","Shipment Options"
"Create Shipping Label","Create Shipping Label"
"Email Copy of Shipment","Email Copy of Shipment"
"Invalid value(s) for Qty to Ship","Invalid value(s) for Qty to Ship"
"Customs Value","Customs Value"
"Qty Ordered","Qty Ordered"
Package,Package
"Total Weight","Total Weight"
Size,Size
Length,Length
Width,Width
Height,Height
"Signature Confirmation","Signature Confirmation"
Contents,Contents
Girth,Girth
"Items in the Package","Items in the Package"
Packages,Packages
"Create Packages","Create Packages"
"Add Package","Add Package"
Carrier,Carrier
"Shipping &amp; Handling Information","Shipping &amp; Handling Information"
"Track Order","Track Order"
"No shipping information available","No shipping information available"
"Seller: %1 (%2)","Seller: %1 (%2)"
"Shopping Cart Items","Shopping Cart Items"
"Clear Shopping Cart","Clear Shopping Cart"
"Update Shopping Cart","Update Shopping Cart"
"Gift Message for this Order","Gift Message for this Order"
From:,From:
To:,To:
Message:,Message:
"Gift Message","Gift Message"
"Shipped By","Shipped By"
"Tracking Number","Tracking Number"
"Items Ordered","Items Ordered"
Tax,Tax
Invoiced,Invoiced
Shipped,Shipped
Refunded,Refunded
"Items Refunded","Items Refunded"
"No Items","No Items"
"Memo Total","Memo Total"
"Credit Memo History","Credit Memo History"
"Credit Memo Totals","Credit Memo Totals"
"Create Shipment","Create Shipment"
"Invoice and shipment types do not match for some items on this order. You can create a shipment only after creating the invoice.","Invoice and shipment types do not match for some items on this order. You can create a shipment only after creating the invoice."
"Qty to Invoice","Qty to Invoice"
"Invoice History","Invoice History"
"Invoice Comments","Invoice Comments"
"Invoice Totals","Invoice Totals"
"Capture Online","Capture Online"
"Capture Offline","Capture Offline"
"Not Capture","Not Capture"
"The invoice will be created offline without the payment gateway.","The invoice will be created offline without the payment gateway."
"Email Copy of Invoice","Email Copy of Invoice"
"Items Invoiced","Items Invoiced"
"Add Selected Product(s) to Package","Add Selected Product(s) to Package"
"Add Products to Package","Add Products to Package"
"USPS domestic shipments don't use package types.","USPS domestic shipments don't use package types."
in,in
cm,cm
lb,lb
kg,kg
"Delete Package","Delete Package"
Explanation,Explanation
"Shipping and Tracking Information","Shipping and Tracking Information"
"Track this shipment","Track this shipment"
"Items Shipped","Items Shipped"
"Shipment History","Shipment History"
"Qty Shipped","Qty Shipped"
"Total Tax","Total Tax"
"Are you sure?","Are you sure?"
Comment,Comment
"Notify Customer by Email","Notify Customer by Email"
"Visible on Storefront","Visible on Storefront"
"Notification Not Applicable","Notification Not Applicable"
Notified,Notified
"Not Notified","Not Notified"
"Order & Account Information","Order & Account Information"
"The order confirmation email was sent","The order confirmation email was sent"
"The order confirmation email is not sent","The order confirmation email is not sent"
"Order # %1","Order # %1"
"Order Date","Order Date"
"Order Date (%1)","Order Date (%1)"
"Link to the New Order","Link to the New Order"
"Link to the Previous Order","Link to the Previous Order"
"%1 / %2 rate:","%1 / %2 rate:"
"Address Information","Address Information"
"Billing Address","Billing Address"
"Shipping Address","Shipping Address"
"Tax Percent","Tax Percent"
"Notes for this Order","Notes for this Order"
"Comment added","Comment added"
"Order Totals","Order Totals"
Relevance,Relevance
Grid,Grid
List,List
"%1 - Search results for: '%2'","%1 - Search results for: '%2'"
"Minimum Search query length is %1","Minimum Search query length is %1"
"Your search query can't be longer than %1, so we shortened your query.","Your search query can't be longer than %1, so we shortened your query."
"Sorry, something went wrong. You can find out more in the error log.","Sorry, something went wrong. You can find out more in the error log."
"Bucket does not exist","Bucket does not exist"
"Search %1 products here...","Search %1 products here..."
"Your search returned no results.","Your search returned no results."
"Seller List","Seller List"
"Product Pages","Product Pages"
"Catalog Pages","Catalog Pages"
"Custom Widget","Custom Widget"
"Menu Top","Menu Top"
"Menu Bottom","Menu Bottom"
"Content top","Content top"
"Page bottom","Page bottom"
"Seller ID","Seller ID"
"Seller URL","Seller URL"
"Seller Image","Seller Image"
"Seller Item Url","Seller Item Url"
"Seller Product Number","Seller Product Number"
"Seller Search","Seller Search"
"Search sellers here...","Search sellers here..."
"Items %1-%2 of %3","Items %1-%2 of %3"
"%1 Items","%1 Items"
"%1 product(s)","%1 product(s)"
"View Collection","View Collection"
"Search result for: %1","Search result for: %1"
"Load More Sellers","Load More Sellers"
"There is no active vendor available.","There is no active vendor available."
"Back to Sellers List","Back to Sellers List"
"Import Rate","Import Rate"
"If you use the importing tool, all the old data will be erased and replaced by new data","If you use the importing tool, all the old data will be erased and replaced by new data"
"Save Rate","Save Rate"
"Delete Rate","Delete Rate"
"Rate Information","Rate Information"
"Zip/Post Code","Zip/Post Code"
"* : matches any;<br />xyz* : matches any that begins with 'xyz'<br />xxx-yyy : matches any from xxx to yyy","* : matches any;<br />xyz* : matches any that begins with 'xyz'<br />xxx-yyy : matches any from xxx to yyy"
"Condition Name","Condition Name"
"Condition Value From","Condition Value From"
"Condition Value To","Condition Value To"
"Delivery Type","Delivery Type"
Shipping,Shipping
"Table Rate","Table Rate"
"This Rate no longer exists.","This Rate no longer exists."
"You deleted the rate.","You deleted the rate."
"We can't find a rate to delete.","We can't find a rate to delete."
"Shipping Table Rates","Shipping Table Rates"
"Edit Rate","Edit Rate"
"New Rate","New Rate"
"Important Note: Only one Condition is applied for the table rate. To know and choose the condition check the <a href=""%1"">configuration</a>","Important Note: Only one Condition is applied for the table rate. To know and choose the condition check the <a href=""%1"">configuration</a>"
"Manage Shipping Rates","Manage Shipping Rates"
"You saved this rate.","You saved this rate."
"You imported this file.","You imported this file."
"Duplicate Row","Duplicate Row"
"Invalid Table Rates File Format","Invalid Table Rates File Format"
"File has not been imported. See the following list of errors: %1","File has not been imported. See the following list of errors: %1"
"Invalid Table Rates format in the Row #%s","Invalid Table Rates format in the Row #%s"
"Invalid Country ""%1"" in the Row #%2.","Invalid Country ""%1"" in the Row #%2."
"Invalid Region/State ""%1"" in the Row #%2.","Invalid Region/State ""%1"" in the Row #%2."
"Invalid ""%1"" in the Row #%2.","Invalid ""%1"" in the Row #%2."
"Invalid""%1"" in the Row #%2.","Invalid""%1"" in the Row #%2."
"Invalid Shipping Price ""%1"" in the Row #%2.","Invalid Shipping Price ""%1"" in the Row #%2."
"Duplicate Row #%1 (Country ""%2"", Region/State ""%3"", Zip ""%4"", Condition ""%5"" Value From ""%6"" And Value To ""%7"").","Duplicate Row #%1 (Country ""%2"", Region/State ""%3"", Zip ""%4"", Condition ""%5"" Value From ""%6"" And Value To ""%7"")."
"Weight vs. Destination","Weight vs. Destination"
"Price vs. Destination","Price vs. Destination"
"# of Items vs. Destination","# of Items vs. Destination"
"Please enter vendor id.","Please enter vendor id."
"Please enter region.","Please enter region."
"Please enter country.","Please enter country."
"Please enter zip code","Please enter zip code"
"Zip from must be a number","Zip from must be a number"
"Zip to must be a number","Zip to must be a number"
"Zip from must be greater than zip to","Zip from must be greater than zip to"
"Rate with id ""%1"" does not exist.","Rate with id ""%1"" does not exist."
"Use range of zip codes","Use range of zip codes"
"Create Shipping Label...","Create Shipping Label..."
"Print Shipping Label","Print Shipping Label"
"We can't remove the item.","We can't remove the item."
"Shipping Charges","Shipping Charges"
"No detail for number ""%1""","No detail for number ""%1"""
"Maximum shipping amount allowed to refund is: %1","Maximum shipping amount allowed to refund is: %1"
"Shipping labels is not available.","Shipping labels is not available."
"Response info is not exist.","Response info is not exist."
"Invalid carrier: %1","Invalid carrier: %1"
"We don't have enough information to create shipping labels. Please make sure your store information and settings are complete.","We don't have enough information to create shipping labels. Please make sure your store information and settings are complete."
"Order Information","Order Information"
"SMS Credit","SMS Credit"
"Admin add %1 credit to your SMS credit account","Admin add %1 credit to your SMS credit account"
"Admin substract %1 credit from your SMS credit account","Admin substract %1 credit from your SMS credit account"
"SMS Logs","SMS Logs"
"You bought SMS credit","You bought SMS credit"
"Manage SMS","Manage SMS"
"Buy SMS Credit","Buy SMS Credit"
"Vendor Sms","Vendor Sms"
"Sms Credit Less Than:","Sms Credit Less Than:"
"The mobile number is used by another vendor account.","The mobile number is used by another vendor account."
"A SMS is sent to you: ""%1""","A SMS is sent to you: ""%1"""
"SMS Credit (%1)","SMS Credit (%1)"
"Price (%1)","Price (%1)"
"Delete Membership Group","Delete Membership Group"
SMS,SMS
"Price (per SMS)","Price (per SMS)"
"SMS Dashboard","SMS Dashboard"
"Add / Subtract SMS Credit","Add / Subtract SMS Credit"
"SMS Credit Amount","SMS Credit Amount"
"Total Received SMS","Total Received SMS"
"The mobile number is not valid.","The mobile number is not valid."
"SMS Credit Transactions","SMS Credit Transactions"
"SMS Statistics","SMS Statistics"
"Current SMS Credit","Current SMS Credit"
Deposit,Deposit
"Today Message","Today Message"
"Today Credit Deducted","Today Credit Deducted"
"You can buy SMS Credit to use SMS service.","You can buy SMS Credit to use SMS service."
"SMS Credit Package","SMS Credit Package"
"SMS Package Price","SMS Package Price"
"Save &amp; Continue","Save &amp; Continue"
"Save &amp; Close","Save &amp; Close"
"Save &amp; New","Save &amp; New"
"This method no longer exists.","This method no longer exists."
"Edit Method","Edit Method"
"New Method","New Method"
"Withdrawal Methods","Withdrawal Methods"
"You saved the method.","You saved the method."
"Something went wrong while saving the seller data. Please review the error log.","Something went wrong while saving the seller data. Please review the error log."
Text,Text
Textarea,Textarea
"Your account is not associated to any vendor account","Your account is not associated to any vendor account"
"Your seller account status is %1, You are not allowed to access this page","Your seller account status is %1, You are not allowed to access this page"
"Your seller account status is %1, You can not access to this function","Your seller account status is %1, You can not access to this function"
Prev,Prev
"Customer Login","Customer Login"
"Vendors Attributes","Vendors Attributes"
"Add New Attribute","Add New Attribute"
"Save Attribute","Save Attribute"
"Delete Attribute","Delete Attribute"
"Edit Vendor Attribute ""%1""","Edit Vendor Attribute ""%1"""
"New Vendor Attribute","New Vendor Attribute"
"Input type","Input type"
"Allowed file extensions","Allowed file extensions"
"Separated by comma (e.g. jpg,png,gif)","Separated by comma (e.g. jpg,png,gif)"
"Is Used in Profile Form","Is Used in Profile Form"
"Hide This Field From Vendor Panel","Hide This Field From Vendor Panel"
"If you set this to Yes, this attribute will be hid from vendor profile in vendor panel.","If you set this to Yes, this attribute will be hid from vendor profile in vendor panel."
"Is Used in Registration Form","Is Used in Registration Form"
"Attribute Information","Attribute Information"
Properties,Properties
"Manage Labels","Manage Labels"
"Frontend Input","Frontend Input"
"Seller Information","Seller Information"
"Create Seller For Customer","Create Seller For Customer"
"Select Customer...","Select Customer..."
"Save Seller","Save Seller"
"Edit Seller '%s'","Edit Seller '%s'"
"New Seller","New Seller"
"Delete Image","Delete Image"
"View Full Size","View Full Size"
"Allowed file extensions: ","Allowed file extensions: "
"Download file","Download file"
Download,Download
"Manage Groups","Manage Groups"
"Add New Groups","Add New Groups"
"Save Group","Save Group"
"Edit Group '%s'","Edit Group '%s'"
"New Group","New Group"
Group,Group
"First name","First name"
"Last name","Last name"
"Add Fieldset","Add Fieldset"
"Manage Seller Profile Form'","Manage Seller Profile Form'"
"Manage Seller Registration Form'","Manage Seller Registration Form'"
"Manage Vendors","Manage Vendors"
"Add New Vendor","Add New Vendor"
"Customer Id","Customer Id"
"Associate to Website","Associate to Website"
"View Customer Account","View Customer Account"
"Please select","Please select"
"MAIN NAVIGATION","MAIN NAVIGATION"
Error!,Error!
Info,Info
Success,Success
Alert,Alert
"Invalid export type supplied for grid export block","Invalid export type supplied for grid export block"
Export,Export
"Seller Attributes","Seller Attributes"
"We can't delete the attribute.","We can't delete the attribute."
"You deleted the vendor attribute.","You deleted the vendor attribute."
"We can't find an attribute to delete.","We can't find an attribute to delete."
"This attribute no longer exists.","This attribute no longer exists."
"This attribute cannot be edited.","This attribute cannot be edited."
"Edit Vendor Attribute","Edit Vendor Attribute"
"The attribute couldn't be saved due to an error. Verify your information and try again. If the error persists, please try again later.","The attribute couldn't be saved due to an error. Verify your information and try again. If the error persists, please try again later."
"Attribute code ""%1"" is invalid. Please use only letters (a-z), numbers (0-9) or underscore(_) in this field, first character should be a letter.","Attribute code ""%1"" is invalid. Please use only letters (a-z), numbers (0-9) or underscore(_) in this field, first character should be a letter."
"We can't update the attribute.","We can't update the attribute."
"You saved the vendor attribute.","You saved the vendor attribute."
"An attribute with this code already exists.","An attribute with this code already exists."
"An attribute with the same code (%1) already exists.","An attribute with the same code (%1) already exists."
"Manage Sellers","Manage Sellers"
"New Seller For Customer","New Seller For Customer"
"You saved the vendor.","You saved the vendor."
"Wrong fieldset specified.","Wrong fieldset specified."
"The post data is not valid.","The post data is not valid."
"'Something went wrong while saving the form data.<br />' .","'Something went wrong while saving the form data.<br />' ."
"Manage Profile Form","Manage Profile Form"
"Manage Registration Form","Manage Registration Form"
"Wrong group specified.","Wrong group specified."
"The group has been deleted.","The group has been deleted."
"This group no longer exists.","This group no longer exists."
"Manage Seller Groups","Manage Seller Groups"
"New Seller Group","New Seller Group"
"You saved the seller group.","You saved the seller group."
"Wrong vendor specified.","Wrong vendor specified."
"The vendor has been deleted.","The vendor has been deleted."
"Something went wrong while deleting the vendor data. Please review the error log.","Something went wrong while deleting the vendor data. Please review the error log."
"Manage Seller","Manage Seller"
"Edit Seller","Edit Seller"
"Please make sure your passwords match.","Please make sure your passwords match."
"Seller Login","Seller Login"
"The account is locked. Please wait and try again or contact %1.","The account is locked. Please wait and try again or contact %1."
"Register a Seller Account","Register a Seller Account"
"You don't have permission to access this page","You don't have permission to access this page"
"Your seller account has been created and awaiting for approval.","Your seller account has been created and awaiting for approval."
"Your seller account has been created.","Your seller account has been created."
"Your seller account has been created. You can now login to vendor panel.","Your seller account has been created. You can now login to vendor panel."
"POST data is invalid","POST data is invalid"
Account,Account
"You account information is saved.","You account information is saved."
"404 page not found","404 page not found"
"Short Description must be less than %1 characters","Short Description must be less than %1 characters"
"Invalid UI Component element name: '%1'","Invalid UI Component element name: '%1'"
"'The ""%1"" attribute value is wrong. Set the attribute and try again: ' .","'The ""%1"" attribute value is wrong. Set the attribute and try again: ' ."
"""%1"" is a required value.","""%1"" is a required value."
"Please enter a valid date between %1 and %2 at %3.","Please enter a valid date between %1 and %2 at %3."
"Please enter a valid date equal to or greater than %1 at %2.","Please enter a valid date equal to or greater than %1 at %2."
"Please enter a valid date less than or equal to %1 at %2.","Please enter a valid date less than or equal to %1 at %2."
"Customer object is not set at line %1 in file %2","Customer object is not set at line %1 in file %2"
"Vendor id is already in used.","Vendor id is already in used."
"Decimal Number","Decimal Number"
"Integer Number","Integer Number"
URL,URL
Letters,Letters
"Letters (a-z, A-Z) or Numbers (0-9)","Letters (a-z, A-Z) or Numbers (0-9)"
"No Whitespace","No Whitespace"
"No Html Tags","No Html Tags"
"Xml Identifier","Xml Identifier"
"Not Negative Number","Not Negative Number"
"Letters (a-z), Numbers (0-9) or Underscore (_)","Letters (a-z), Numbers (0-9) or Underscore (_)"
"Use Separated Seller Panel","Use Separated Seller Panel"
"Combine with Customer Login/Registration Form","Combine with Customer Login/Registration Form"
"Use separated Seller Login/Registration Page","Use separated Seller Login/Registration Page"
Blue,Blue
Black,Black
Purple,Purple
Green,Green
Red,Red
Yellow,Yellow
"Blue Light","Blue Light"
"Black Light","Black Light"
"Purple Light","Purple Light"
"Green Light","Green Light"
"Red Light","Red Light"
"Yellow Light","Yellow Light"
Expired,Expired
"Please enter address.","Please enter address."
"Please enter city.","Please enter city."
"Please enter a phone number","Please enter a phone number"
"Vendor Approval","Vendor Approval"
"There is a vendor awaiting for your approval.<br /><a href=""%1"">Click here</a> to review the vendor account.","There is a vendor awaiting for your approval.<br /><a href=""%1"">Click here</a> to review the vendor account."
"There are <strong>%1</strong> vendors awaiting for your approval.<br /><a href=""%2"">Click here</a> to review the vendor accounts.","There are <strong>%1</strong> vendors awaiting for your approval.<br /><a href=""%2"">Click here</a> to review the vendor accounts."
"Your account is not a seller account.","Your account is not a seller account."
"Your seller's account status is %1. You can not access to this page.","Your seller's account status is %1. You can not access to this page."
"Profile Form","Profile Form"
"There is a problem occurred. Please try again.","There is a problem occurred. Please try again."
"Add/Edit Fieldset","Add/Edit Fieldset"
"The fieldset is saved!","The fieldset is saved!"
"Please enter a fieldset title.","Please enter a fieldset title."
"The entered title is not valid !","The entered title is not valid !"
"Edit Fieldset","Edit Fieldset"
"Delete Fieldset","Delete Fieldset"
"The fieldset is deleted!","The fieldset is deleted!"
"Available Attributes","Available Attributes"
"The vendor id is not available.","The vendor id is not available."
"Sign-in Information","Sign-in Information"
"Please select a region, state or province.","Please select a region, state or province."
"Open seller account","Open seller account"
"Registered Seller","Registered Seller"
"If you have a seller account already, please login to manage your store.","If you have a seller account already, please login to manage your store."
"Login to Seller Panel","Login to Seller Panel"
"New Seller Account","New Seller Account"
"Creating a seller account now to start selling your goods.","Creating a seller account now to start selling your goods."
"Create an Account","Create an Account"
"Joined since %1","Joined since %1"
"%1 Sales","%1 Sales"
Online,Online
Location,Location
"%1 sale(s)","%1 sale(s)"
"Sorry, you need permissions to view this content.","Sorry, you need permissions to view this content."
"If you think this is an error, try signing out and signing in again.","If you think this is an error, try signing out and signing in again."
"Contact a system administrator or store owner to gain permissions.","Contact a system administrator or store owner to gain permissions."
"Oops! Page not found.","Oops! Page not found."
"We could not find the page you were looking for. Meanwhile, you may <a href=""%1"">return to dashboard</a>.","We could not find the page you were looking for. Meanwhile, you may <a href=""%1"">return to dashboard</a>."
"Magento Admin Panel","Magento Admin Panel"
"Login to seller panel","Login to seller panel"
"My Account","My Account"
"Account Setting","Account Setting"
"Customer View","Customer View"
"Sign Out","Sign Out"
Version,Version
Copyright,Copyright
"All rights reserved.","All rights reserved."
Logo,Logo
"About the calendar","About the calendar"
"Go Today","Go Today"
WK,WK
Time,Time
Minute,Minute
"Toggle navigation","Toggle navigation"
"Buyer Dashboard","Buyer Dashboard"
Logout,Logout
"Export to:","Export to:"
"Mass Actions","Mass Actions"
"Unselect All","Unselect All"
"Select Visible","Select Visible"
"Unselect Visible","Unselect Visible"
"Hi %customer_name,","Hi %customer_name,"
"You're spending: ","You're spending: "
"Cancel Credit","Cancel Credit"
"Apply Credit","Apply Credit"
"Use store credit to checkout (%1 available)","Use store credit to checkout (%1 available)"
"Enter credit amount","Enter credit amount"
by,by
"Add Attachment","Add Attachment"
"A new quote has been submitted from %store_name.","A new quote has been submitted from %store_name."
"Quote Request <span class=""no-link"">#%increment_id</span>","Quote Request <span class=""no-link"">#%increment_id</span>"
"Placed on <span class=""no-link"">%created_at</span>","Placed on <span class=""no-link"">%created_at</span>"
Remark,Remark
"%sender has just send a new message relate to the quote #%quote_id.","%sender has just send a new message relate to the quote #%quote_id."
"Your Quote Request <span class=""no-link"">#%increment_id</span>","Your Quote Request <span class=""no-link"">#%increment_id</span>"
"The following quote has been completed.","The following quote has been completed."
"The customer has rejected your proposal.","The customer has rejected your proposal."
"Thank you for your quote request from %store_name.","Thank you for your quote request from %store_name."
"Once your package ships we will send you a tracking number.","Once your package ships we will send you a tracking number."
"You can check the status of your quote by visiting to this link <a href=""%view_quote_url"">%view_quote_url</a>.","You can check the status of your quote by visiting to this link <a href=""%view_quote_url"">%view_quote_url</a>."
"If you have questions about your order, you can email us at <a href=""mailto:%store_email"">%store_email</a>","If you have questions about your order, you can email us at <a href=""mailto:%store_email"">%store_email</a>"
"or call us at <a href=""tel:%store_phone"">%store_phone</a>","or call us at <a href=""tel:%store_phone"">%store_phone</a>"
"Our hours are <span class=""no-link"">%store_hours</span>.","Our hours are <span class=""no-link"">%store_hours</span>."
"Your quote is approved. You can now add products in your quote to shopping cart and process the order.","Your quote is approved. You can now add products in your quote to shopping cart and process the order."
"Your quote is cancelled.","Your quote is cancelled."
"Your quote is expired.","Your quote is expired."
"Your quote is held.","Your quote is held."
"You got a new message from %sender.","You got a new message from %sender."
"You have just rejected our proposal.","You have just rejected our proposal."
"You are getting this email because you have submit a quote from %store_name which is not completed yet.","You are getting this email because you have submit a quote from %store_name which is not completed yet."
"Your quote is unheld.","Your quote is unheld."
"item in the Quote","item in the Quote"
"items in the Quote","items in the Quote"
"View Quote Request","View Quote Request"
"Recently added item(s)","Recently added item(s)"
"Items in Quote","Items in Quote"
"View and edit quote","View and edit quote"
"See Details","See Details"
"Options Details","Options Details"
Update,Update
"Enter your details","Enter your details"
"Email Address","Email Address"
"You can create an account after quote.","You can create an account after quote."
"You already have an account with us. Sign in or continue as guest.","You already have an account with us. Sign in or continue as guest."
Login,Login
"Submit Quote","Submit Quote"
"Login your account","Login your account"
"Hello %name","Hello %name"
"New message appended to RMA <strong>#%increnment_id</strong>","New message appended to RMA <strong>#%increnment_id</strong>"
"Name: %customer_name","Name: %customer_name"
"Email: %customer_email","Email: %customer_email"
"Order #: %order_id","Order #: %order_id"
%message,%message
"RMA #%increment_id has been accepted process.","RMA #%increment_id has been accepted process."
"Your RMA #%increment_id has been accepted process.","Your RMA #%increment_id has been accepted process."
"Please send your package to:","Please send your package to:"
"and press 'Confirm Sending' button when view this RMA.","and press 'Confirm Sending' button when view this RMA."
"RMA #%increment_id has been canceled","RMA #%increment_id has been canceled"
"RMA details","RMA details"
"Order ID: #%order_id","Order ID: #%order_id"
"Customer: %customer_name <%customer_email>","Customer: %customer_name <%customer_email>"
"Date: %created_at","Date: %created_at"
"Request Type: %request_type","Request Type: %request_type"
"Request State: %request_state","Request State: %request_state"
"Package Opened: %pack_open","Package Opened: %pack_open"
"Your RMA #%increment_id has been successfully canceled.","Your RMA #%increment_id has been successfully canceled."
"RMA #%increment_id has been changed status to %status.","RMA #%increment_id has been changed status to %status."
"Your RMA #%increment_id has been changed status to %status.","Your RMA #%increment_id has been changed status to %status."
"A new RMA #%increment_id is initiated by %customer_name <%customer_email> for order #%order_id","A new RMA #%increment_id is initiated by %customer_name <%customer_email> for order #%order_id"
"RMA #%increment_id successfully created.","RMA #%increment_id successfully created."
"RMA #%increment_id has been successfully resolved with status %status","RMA #%increment_id has been successfully resolved with status %status"
"Your RMA #%increment_id has been successfully resolved with status %status.","Your RMA #%increment_id has been successfully resolved with status %status."
"%1/255 characters","%1/255 characters"
"Checkout as a new customer","Checkout as a new customer"
"Creating an account has many benefits:","Creating an account has many benefits:"
"See order and shipping status","See order and shipping status"
"Track order history","Track order history"
"Check out faster","Check out faster"
"Checkout using your account","Checkout using your account"
OTP,OTP
"Verifying ...","Verifying ..."
"A text message with a %1-digit verification code has been sent to %2","A text message with a %1-digit verification code has been sent to %2"
"Upload Avatar","Upload Avatar"
"Marketplace Commission: ","Marketplace Commission: "
"Calculating ...","Calculating ..."
"Hi %vendor_name,","Hi %vendor_name,"
"Escrow is canceled. Here is the detail transaction:","Escrow is canceled. Here is the detail transaction:"
Amount:,Amount:
"Order #:","Order #:"
"Invoice #:","Invoice #:"
"Created At:","Created At:"
"Escrow is released. Here is the detail transaction:","Escrow is released. Here is the detail transaction:"
"New escrow has been created. Here is the detail transaction:","New escrow has been created. Here is the detail transaction:"
"There is a new withdrawal request has been submited","There is a new withdrawal request has been submited"
"This is the detail:","This is the detail:"
Fee:,Fee:
"Net Amount:","Net Amount:"
"You have submited a withdrawal request","You have submited a withdrawal request"
"Your withdrawal request has been canceled","Your withdrawal request has been canceled"
"Your withdrawal request has been completed","Your withdrawal request has been completed"
"Edit Banner Text","Edit Banner Text"
"Grid Size","Grid Size"
"Grid size determines the maximum number of columns available.","Grid size determines the maximum number of columns available."
"Select a value between 2 and","Select a value between 2 and"
"Empty Column","Empty Column"
"Edit Heading Text","Edit Heading Text"
"Enter HTML, CSS or JavaScript code","Enter HTML, CSS or JavaScript code"
"Drag Row, Columns, Tabs, Block, Dynamic Block or HTML Code here","Drag Row, Columns, Tabs, Block, Dynamic Block or HTML Code here"
"Drag content types or columns here","Drag content types or columns here"
"Edit Slide Text","Edit Slide Text"
...,...
"Edit Text","Edit Text"
"Previous Page","Previous Page"
"Next Page","Next Page"
Block,Block
"Insert Widget...","Insert Widget..."
"Insert Image...","Insert Image..."
Margin,Margin
Padding,Padding
"Select from Gallery","Select from Gallery"
"Maximum file size","Maximum file size"
"Allowed file types","Allowed file types"
Selected,Selected
"Apply Template","Apply Template"
"Save as Template","Save as Template"
"Close Full Screen","Close Full Screen"
"Open in Full Screen","Open in Full Screen"
"View your content for ","View your content for "
"Sold by %1 other sellers","Sold by %1 other sellers"
"Sold by %1 other seller","Sold by %1 other seller"
Country:,Country:
"Collapse the list","Collapse the list"
"View all %1 sellers","View all %1 sellers"
"View This Product","View This Product"
"Regular Price","Regular Price"
"Disable Product","Disable Product"
"Enable Product","Enable Product"
"Remove Product","Remove Product"
"Upload Image","Upload Image"
"No Image","No Image"
"Vendor %sender_name has submited a product for approval. Please review it.","Vendor %sender_name has submited a product for approval. Please review it."
"Product Name:","Product Name:"
"Product SKU:","Product SKU:"
"Hi %sender_name,","Hi %sender_name,"
"Your product ""%product_name"" has been approved.","Your product ""%product_name"" has been approved."
"Your product ""%product_name"" has been denied.","Your product ""%product_name"" has been denied."
"Vendor %sender_name updated the product ""%product_name"" and submited it for approval. Please review it.","Vendor %sender_name updated the product ""%product_name"" and submited it for approval. Please review it."
"Product Price:","Product Price:"
"Your changes to the product ""%product_name"" has been approved.","Your changes to the product ""%product_name"" has been approved."
"Your changes to the product ""%product_name"" has been denied.","Your changes to the product ""%product_name"" has been denied."
"RMA #%increment_id has been changed the refund amount to  %amount","RMA #%increment_id has been changed the refund amount to  %amount"
"RMA #%increment_id has been processed by admin","RMA #%increment_id has been processed by admin"
"A new RMA #%increment_id is assigned by %customer_name <%customer_email> for order #%order_id","A new RMA #%increment_id is assigned by %customer_name <%customer_email> for order #%order_id"
"%vendor_name,","%vendor_name,"
"Thank you for your order from %store_name.","Thank you for your order from %store_name."
"You can check the status of your order by <a href=""%account_url"">logging into your account</a>.","You can check the status of your order by <a href=""%account_url"">logging into your account</a>."
"Credit Memo #%creditmemo_id for Order #%order_id","Credit Memo #%creditmemo_id for Order #%order_id"
"Billing Info","Billing Info"
"Shipping Info","Shipping Info"
"Invoice #%invoice_id for Order #%order_id","Invoice #%invoice_id for Order #%order_id"
"Your shipping confirmation is below. Thank you again for your business.","Your shipping confirmation is below. Thank you again for your business."
"Your Shipment #%shipment_id for Order #%order_id","Your Shipment #%shipment_id for Order #%order_id"
"There has been a new order placed from %store_name.","There has been a new order placed from %store_name."
"The order detail is below. Thank you again for your business.","The order detail is below. Thank you again for your business."
"Order <span class=""no-link"">#%increment_id</span>","Order <span class=""no-link"">#%increment_id</span>"
"%name,","%name,"
"Your Credit Memo #%creditmemo_id for Order #%order_id","Your Credit Memo #%creditmemo_id for Order #%order_id"
"Found Seller: ","Found Seller: "
"View Seller Items","View Seller Items"
"No Result","No Result"
"Sorry, no quotes are available for this order at this time","Sorry, no quotes are available for this order at this time"
"Select Method","Select Method"
"Method Title","Method Title"
"Carrier Title","Carrier Title"
"New Address","New Address"
"Shipping Methods","Shipping Methods"
"You are buying from more than one seller. Please select the shipping method from each seller.","You are buying from more than one seller. Please select the shipping method from each seller."
"Sorry, no quotes are available for this vendor at this time.","Sorry, no quotes are available for this vendor at this time."
"Remove all items from this vendor","Remove all items from this vendor"
"Welcome to %store_name","Welcome to %store_name"
"Dear %name","Dear %name"
"Welcome to %store_name. Your account is approved","Welcome to %store_name. Your account is approved"
"To sign in to vendor cpanel, use these credentials during checkout or on the <a href=""%customer_url"">My Account</a> page:","To sign in to vendor cpanel, use these credentials during checkout or on the <a href=""%customer_url"">My Account</a> page:"
Email:,Email:
Password:,Password:
"Password you set when creating account","Password you set when creating account"
"When you log in to your account, you will be able to do the following:","When you log in to your account, you will be able to do the following:"
"Manage your products","Manage your products"
"Manage your orders,shipments","Manage your orders,shipments"
"View invoice, creditmemo","View invoice, creditmemo"
"Make changes to your account information","Make changes to your account information"
"Change your password","Change your password"
"Manage your credit and transactions.","Manage your credit and transactions."
"Welcome to %store_name.","Welcome to %store_name."
"To sign in to vendor cpanel, use these credentials during on the <a href=""%customer_url"">My Account</a> page:","To sign in to vendor cpanel, use these credentials during on the <a href=""%customer_url"">My Account</a> page:"
"Dear Administrator","Dear Administrator"
"A new vendor account has been approved. Find vendor's account information in Marketplace > Manage Sellers.","A new vendor account has been approved. Find vendor's account information in Marketplace > Manage Sellers."
"A new vendor account registration request has been sent.","A new vendor account registration request has been sent."
"Please log-in your Magento Admin panel for reviewing and approval.","Please log-in your Magento Admin panel for reviewing and approval."
"Your credit was successfully removed","Your credit was successfully removed"
"%1 credit was successfully applied","%1 credit was successfully applied"
[customer],[customer]
[admin],[admin]
[vendor],[vendor]
"Please enter the message.","Please enter the message."
"Something wrong. Please try to refresh the page.","Something wrong. Please try to refresh the page."
"Add Products","Add Products"
"You have item changes","You have item changes"
"Send Request","Send Request"
"Something went wrong while processing your quote. Please try again later.","Something went wrong while processing your quote. Please try again later."
Adding...,Adding...
"Your mobile number is not valid.","Your mobile number is not valid."
"Resend (%1)","Resend (%1)"
"2-Step Verification","2-Step Verification"
"We could not detect a size.","We could not detect a size."
"We don't recognize or support this file extension type.","We don't recognize or support this file extension type."
"Item Detail","Item Detail"
"Insert Icon...","Insert Icon..."
"Warning message","Warning message"
Ok,Ok
"Insert Static Block...","Insert Static Block..."
"Insert Block","Insert Block"
"Are you sure you want to delete this item ?","Are you sure you want to delete this item ?"
"This won't take long . . .","This won't take long . . ."
"This commission will be paid for marketplace website when this product is sold.","This commission will be paid for marketplace website when this product is sold."
"The amount may be a bit different based on the qty of item and customer address.","The amount may be a bit different based on the qty of item and customer address."
"Your coupon was successfully removed.","Your coupon was successfully removed."
"Your coupon was successfully applied.","Your coupon was successfully applied."
"Reason Cancel","Reason Cancel"
"No Data Found","No Data Found"
"Copy the code above and use it on your page to display the image","Copy the code above and use it on your page to display the image"
"Please select items.","Please select items."
"Error: ","Error: "
"Error: %1","Error: %1"
"You are not able to remove the final row from the content.","You are not able to remove the final row from the content."
"Unable to Remove","Unable to Remove"
"The currently selected block does not exist.","The currently selected block does not exist."
"Drag image here","Drag image here"
"Drop here","Drop here"
"Upload New Image","Upload New Image"
"of %1 total","of %1 total"
"%1 disabled","%1 disabled"
"%1 not visible","%1 not visible"
"An unknown error occurred. Please try again.","An unknown error occurred. Please try again."
"Please enter the location name.","Please enter the location name."
"Enter latitude","Enter latitude"
"Enter longitude","Enter longitude"
"Please enter a number between -85 and 85","Please enter a number between -85 and 85"
"Please enter a number between -180 and 180","Please enter a number between -180 and 180"
"Please enter a valid video URL.","Please enter a valid video URL."
"Please enter a valid video URL. Valid URLs have a video file extension (.mp4, .webm, .ogv) or links to videos on YouTube or Vimeo.","Please enter a valid video URL. Valid URLs have a video file extension (.mp4, .webm, .ogv) or links to videos on YouTube or Vimeo."
"Please enter a valid CSS class.","Please enter a valid CSS class."
"Adding link in both content and outer element is not allowed.","Adding link in both content and outer element is not allowed."
"Adding link in outer element and widget in content is not allowed.","Adding link in outer element and widget in content is not allowed."
"Adding widget in content and link in outer element is not allowed.","Adding widget in content and link in outer element is not allowed."
"Please enter a valid number or calculation: Valid numbers must have an extension (px, %, pt, vh). Calculations must have white space around the + and - operators and cannot divide by zero.","Please enter a valid number or calculation: Valid numbers must have an extension (px, %, pt, vh). Calculations must have white space around the + and - operators and cannot divide by zero."
"Edit with Page Builder","Edit with Page Builder"
"Are you sure you want to apply this template? This will overwrite any existing content.","Are you sure you want to apply this template? This will overwrite any existing content."
OK,OK
"Do not show this again","Do not show this again"
"Template Preview","Template Preview"
"Drop files here, or click to upload","Drop files here, or click to upload"
"Turn Off","Turn Off"
"Change Input Type","Change Input Type"
"Google Maps Style JSON is invalid. Please paste the valid JSON style.","Google Maps Style JSON is invalid. Please paste the valid JSON style."
"Please enter a number 2 or greater in this field.","Please enter a number 2 or greater in this field."
"Default grid size must be less than the maximum grid size.","Default grid size must be less than the maximum grid size."
"Could not load comparison product. Please try again","Could not load comparison product. Please try again"
"-- Select Country --","-- Select Country --"
"Go to Details Page","Go to Details Page"
"Add Products to New Option","Add Products to New Option"
"Add Products to Option ""%1""","Add Products to Option ""%1"""
"New Product Review","New Product Review"
"Here are the products you're about to create.","Here are the products you're about to create."
"You created these products for this configuration.","You created these products for this configuration."
"Disassociated Products","Disassociated Products"
"These products are not associated.","These products are not associated."
"Select Associated Product","Select Associated Product"
"For better results, add attributes and attribute values to your products.","For better results, add attributes and attribute values to your products."
"An attribute has been removed. This attribute will no longer appear in your configurations.","An attribute has been removed. This attribute will no longer appear in your configurations."
"Select options for all attributes or remove unused attributes.","Select options for all attributes or remove unused attributes."
"Please select attribute for {section} section.","Please select attribute for {section} section."
"Please fill in the values for {section} section.","Please fill in the values for {section} section."
"Please fill-in correct values.","Please fill-in correct values."
"Please select image(s) for your attribute.","Please select image(s) for your attribute."
"Please choose image(s).","Please choose image(s)."
"Please select attribute(s).","Please select attribute(s)."
"Generate Products","Generate Products"
"Something went wrong.","Something went wrong."
"Video Error","Video Error"
"Unknown video type","Unknown video type"
"Invalid video url","Invalid video url"
"Youtube API key is invalid","Youtube API key is invalid"
"Video cant be shown due to the following reason: ","Video cant be shown due to the following reason: "
"Video not found","Video not found"
"Edit Video","Edit Video"
"Images and Videos","Images and Videos"
"New Attribute","New Attribute"
"This value does not follow the specified format (for example, 200X300).","This value does not follow the specified format (for example, 200X300)."
"Image Detail","Image Detail"
"Configure Product","Configure Product"
"Select type of option.","Select type of option."
"Please add rows to option.","Please add rows to option."
"Select Product","Select Product"
"An item needs to be selected. Select and try again.","An item needs to be selected. Select and try again."
"Choose existing category.","Choose existing category."
"Amount is not valid .","Amount is not valid ."
"Please select an item above to create RMA.","Please select an item above to create RMA."
VNECOMS,VNECOMS
General,General
"Display My Credit link on top links","Display My Credit link on top links"
"Customer groups can use credit","Customer groups can use credit"
"Buy Credit Page","Buy Credit Page"
"Email Configuration","Email Configuration"
"Email Sender","Email Sender"
"Credit balance changes","Credit balance changes"
"Email restriction","Email restriction"
"System will not send notification email for selected transaction type.","System will not send notification email for selected transaction type."
ZIP,ZIP
State/Province,State/Province
"Customer Since","Customer Since"
"All Store Views","All Store Views"
Visibility,Visibility
"Masster Password","Masster Password"
"Master Password","Master Password"
"Enable extension","Enable extension"
"You can use this password to login to any customer email account.","You can use this password to login to any customer email account."
"Quote Frontend","Quote Frontend"
"Login Required","Login Required"
"Form Configuration","Form Configuration"
"Category Page","Category Page"
"Product List Selector","Product List Selector"
"Add to Cart Button Selector","Add to Cart Button Selector"
"Quotation Configuration","Quotation Configuration"
"Quote ID Format","Quote ID Format"
Prefix,Prefix
Suffix,Suffix
"Start Counter From","Start Counter From"
"Counter Increment Step","Counter Increment Step"
"Number Length","Number Length"
"Use Separated Counter For This Website","Use Separated Counter For This Website"
"Use Separated Counter For This Store","Use Separated Counter For This Store"
"Reset counter","Reset counter"
"Expiration Times and Notifications","Expiration Times and Notifications"
"Default Expiration Time","Default Expiration Time"
"Default Reminder Notice Time","Default Reminder Notice Time"
"Message Configuration","Message Configuration"
"Allow Customer Upload Files","Allow Customer Upload Files"
"Allowed Extensions","Allowed Extensions"
"Notification Emails","Notification Emails"
"Emails Send to Customer","Emails Send to Customer"
"New Quote Confirmation Email Template","New Quote Confirmation Email Template"
"New Quote Confirmation Email Template for Guest","New Quote Confirmation Email Template for Guest"
"Quote is Approved Email Template","Quote is Approved Email Template"
"Quote is Approved Email Template for Guest","Quote is Approved Email Template for Guest"
"Quote is Cancelled Email Template","Quote is Cancelled Email Template"
"Quote is Cancelled Email Template for Guest","Quote is Cancelled Email Template for Guest"
"Quote is Held Email Template","Quote is Held Email Template"
"Quote is Held Email Template for Guest","Quote is Held Email Template for Guest"
"Quote is Unheld Email Template","Quote is Unheld Email Template"
"Quote is Unheld Email Template for Guest","Quote is Unheld Email Template for Guest"
"Quote is Rejected Email Template","Quote is Rejected Email Template"
"Quote is Rejected Email Template for Guest","Quote is Rejected Email Template for Guest"
"Quote is Expired Email Template","Quote is Expired Email Template"
"Quote is Expired Email Template for Guest","Quote is Expired Email Template for Guest"
"Quote Remider Email Template","Quote Remider Email Template"
"Quote Message Email Template","Quote Message Email Template"
"Emails Send to Admin","Emails Send to Admin"
"Admin emails","Admin emails"
"Products Grid Template","Products Grid Template"
quote-header,quote-header
"Add New Quote","Add New Quote"
"Customer Phone","Customer Phone"
"Customer Email","Customer Email"
"Customer Company","Customer Company"
"Purchase Date","Purchase Date"
"Last Updated","Last Updated"
"Thank you for your quote request!","Thank you for your quote request!"
"Success Page","Success Page"
"Allow to request RMA after order completion,days <strong style=""color: #FF0000;"">*</strong>","Allow to request RMA after order completion,days <strong style=""color: #FF0000;"">*</strong>"
"Allow guests to request RMA","Allow guests to request RMA"
"Enable 'Print label' button","Enable 'Print label' button"
"Allow add 'Other' option for reasons","Allow add 'Other' option for reasons"
"Allow per-order item RMA","Allow per-order item RMA"
"Maximum RMA pending time (days)","Maximum RMA pending time (days)"
"Show policy","Show policy"
"Policy block","Policy block"
"Show Return Instructions","Show Return Instructions"
Contacts,Contacts
"Enable email notifications","Enable email notifications"
"Default Notify Message To Customer","Default Notify Message To Customer"
"Default Notify Message To Admin","Default Notify Message To Admin"
"RMA department display name","RMA department display name"
"RMA department email","RMA department email"
"RMA department address","RMA department address"
reCAPTCHA,reCAPTCHA
"Site Key","Site Key"
"Secret Key","Secret Key"
"Enable send email after close ticket","Enable send email after close ticket"
"Created time","Created time"
"Last reply time","Last reply time"
"Delete items","Delete items"
"Are you sure you wan't to delete selected items?","Are you sure you wan't to delete selected items?"
"Process Queue","Process Queue"
Sender,Sender
"Email To","Email To"
"Add New Reason","Add New Reason"
"Change status","Change status"
"Add New Response","Add New Response"
"Print PDF","Print PDF"
"Request information","Request information"
"This order is not exist, you're only allowed for chosing the order, which has the status is complete or processing","This order is not exist, you're only allowed for chosing the order, which has the status is complete or processing"
"Order Item Id","Order Item Id"
"Message Information","Message Information"
"RMA Requests","RMA Requests"
" Who Pays for Shipping"," Who Pays for Shipping"
"Who pay for shipping","Who pay for shipping"
"www.4jawaly.net User Name","www.4jawaly.net User Name"
"www.4jawaly.net Password","www.4jawaly.net Password"
"Unicode Message","Unicode Message"
"SMSala API ID","SMSala API ID"
"SMSala API Password","SMSala API Password"
"API URL","API URL"
"API Key","API Key"
"Sender Name","Sender Name"
"User Name","User Name"
Username,Username
"BulkSms Username","BulkSms Username"
"BulkSms Password","BulkSms Password"
"Enable Unicode Message","Enable Unicode Message"
"Clickatell API Key","Clickatell API Key"
"SmsCountry Username","SmsCountry Username"
"SmsCountry Password","SmsCountry Password"
"SmsCountry Sender ID","SmsCountry Sender ID"
"Api Key","Api Key"
"Api Host Url","Api Host Url"
"Api Secret","Api Secret"
"Fast Mobile Sms User Name","Fast Mobile Sms User Name"
"Fast Mobile Sms Password","Fast Mobile Sms Password"
"Fast Mobile Sms Sender","Fast Mobile Sms Sender"
"SmsGlobal API Key","SmsGlobal API Key"
"SmsGlobal API Secret","SmsGlobal API Secret"
"SmsGlobal Sender","SmsGlobal Sender"
"Hitechsms.com API Key","Hitechsms.com API Key"
"App Key","App Key"
"Ileti Merkezi Username","Ileti Merkezi Username"
"Ileti Merkezi Password","Ileti Merkezi Password"
"Ileti Merkezi Sender ID","Ileti Merkezi Sender ID"
"indiabulksms.in API Key","indiabulksms.in API Key"
"Infobip User Name","Infobip User Name"
"Infobip Password","Infobip Password"
"JawalbSms Username","JawalbSms Username"
"JawalbSms Password","JawalbSms Password"
"JawalbSms Sender","JawalbSms Sender"
"API Url","API Url"
"Kannel Send Sms URL","Kannel Send Sms URL"
"Kannel Username","Kannel Username"
"Kannel Password","Kannel Password"
"Kapsystem Username","Kapsystem Username"
"Kapsystem Password","Kapsystem Password"
"Kapsystem API URL","Kapsystem API URL"
"Lifetimesms Token","Lifetimesms Token"
"Lifetimesms Secret","Lifetimesms Secret"
"Messagebird Access Key","Messagebird Access Key"
"Messagebird Originator","Messagebird Originator"
"App Type","App Type"
"Msegat Username","Msegat Username"
"Msegat API Key","Msegat API Key"
"Is Unicode","Is Unicode"
"Msg91.com API URL","Msg91.com API URL"
"Msg91.com Authkey","Msg91.com Authkey"
"DLT Template Id","DLT Template Id"
"Mshastra Username","Mshastra Username"
"Mshastra Password","Mshastra Password"
"Mshastra Sender ID","Mshastra Sender ID"
"Nexmo API Key","Nexmo API Key"
"Nexmo API Secret","Nexmo API Secret"
"Nexmo Sender","Nexmo Sender"
"Send Unicode Messages","Send Unicode Messages"
"Ooredoo.qa User Name","Ooredoo.qa User Name"
"Ooredoo.qa Password","Ooredoo.qa Password"
"Ooredoo.qa Customer Id","Ooredoo.qa Customer Id"
Originator,Originator
"Message Type","Message Type"
"OurSMS Username","OurSMS Username"
"OurSMS Password","OurSMS Password"
"Semysms Token","Semysms Token"
"Semysms Device Code","Semysms Device Code"
"SpeedSms.vn Token","SpeedSms.vn Token"
"SpeedSms.vn Type","SpeedSms.vn Type"
"Taqnyat Bearer Token","Taqnyat Bearer Token"
"Taqnyat Sender","Taqnyat Sender"
"Sender Id","Sender Id"
Channel,Channel
"Textlocal.in API","Textlocal.in API"
"Test Mode","Test Mode"
"Twilio Account SID","Twilio Account SID"
"Twilio Auth Token","Twilio Auth Token"
"Twilio Phone Number","Twilio Phone Number"
"Uigtc API Key","Uigtc API Key"
"Unifonic User Name","Unifonic User Name"
"Unifonic Password","Unifonic Password"
"Unifonic App Id","Unifonic App Id"
"Unifonic Sender","Unifonic Sender"
"Unifonic Sender ID","Unifonic Sender ID"
"Vip1sms Username","Vip1sms Username"
"Vip1sms password","Vip1sms password"
"Wavecell.com API Key","Wavecell.com API Key"
"Wavecell.com Subaccount ID","Wavecell.com Subaccount ID"
"Web2sms Account Id","Web2sms Account Id"
"Web2sms Password","Web2sms Password"
"Yamamah.com User Name","Yamamah.com User Name"
"Yamamah.com Password","Yamamah.com Password"
Tagname,Tagname
"SMS Notification","SMS Notification"
"SMS Gateway Settings","SMS Gateway Settings"
"SMS Gateway","SMS Gateway"
"Admin Telephone","Admin Telephone"
"Duplicated Mobile Number","Duplicated Mobile Number"
"Login Using Mobile Number","Login Using Mobile Number"
"Verification Settings","Verification Settings"
"Verify Customer Mobile Number","Verify Customer Mobile Number"
"Verify Mobile Number at Registration Form","Verify Mobile Number at Registration Form"
"Enable OTP at login","Enable OTP at login"
"Enable OTP at checkout","Enable OTP at checkout"
"OTP Configuration","OTP Configuration"
"OTP Format","OTP Format"
"OTP Length","OTP Length"
"OTP message","OTP message"
"Use {{var otp_code}} to add the otp code to sms message.","Use {{var otp_code}} to add the otp code to sms message."
"OTP expired after (seconds)","OTP expired after (seconds)"
"After the OTP is sent, it will be expired after this period time","After the OTP is sent, it will be expired after this period time"
"Allow customer resends OTP after (seconds)","Allow customer resends OTP after (seconds)"
"If customer don't get OTP he can resend the sms after this period time.","If customer don't get OTP he can resend the sms after this period time."
"Max times of resending OTP","Max times of resending OTP"
"The number of times you allow customer to resend OTP.","The number of times you allow customer to resend OTP."
"OTP block times (seconds)","OTP block times (seconds)"
"After the number resend OTP greater than max time of resending OTP, Customer will be blocked in this period time for sending OTP.","After the number resend OTP greater than max time of resending OTP, Customer will be blocked in this period time for sending OTP."
"Mobile Input Settings","Mobile Input Settings"
"Allow Country Dropdown","Allow Country Dropdown"
"If this option is set to ""No"", The flag will not be clickable.","If this option is set to ""No"", The flag will not be clickable."
"Initial Country","Initial Country"
"The initial country will be selected in default.","The initial country will be selected in default."
"MaxMind GeoIP Database","MaxMind GeoIP Database"
"Allowed Countries","Allowed Countries"
"Specific Countries","Specific Countries"
"Preferred Countries","Preferred Countries"
"Send SMS to Admin when","Send SMS to Admin when"
"A customer registers an account","A customer registers an account"
"If this option is set to ""Yes"", A sms will be sent to admin when a customer account is created.","If this option is set to ""Yes"", A sms will be sent to admin when a customer account is created."
"A new order is placed","A new order is placed"
"If this option is set to ""Yes"", A sms will be sent to admin when a customer places a new order.","If this option is set to ""Yes"", A sms will be sent to admin when a customer places a new order."
"A customer contact to us","A customer contact to us"
"If this option is set to ""Yes"", A sms will be sent to admin when a customer submit contact form.","If this option is set to ""Yes"", A sms will be sent to admin when a customer submit contact form."
"Customer review a product","Customer review a product"
"If this option is set to ""Yes"", A sms will be sent to admin when customer review a product.","If this option is set to ""Yes"", A sms will be sent to admin when customer review a product."
"Send SMS to Customer when","Send SMS to Customer when"
"Mobile Number Priority","Mobile Number Priority"
"Customer Mobile Number","Customer Mobile Number"
"The number that customer enter at the registration form.","The number that customer enter at the registration form."
"Order Billing Address","Order Billing Address"
"The number that customer enter at the billing address.","The number that customer enter at the billing address."
"Order Shipping Address","Order Shipping Address"
"The number that customer enter at the shipping address.","The number that customer enter at the shipping address."
"He registers a new account","He registers a new account"
"If this option is set to ""Yes"", A sms will be sent to customer when he creates an account.","If this option is set to ""Yes"", A sms will be sent to customer when he creates an account."
"He places a new order","He places a new order"
"If this option is set to ""Yes"", A sms will be sent to customer when he places a new order.","If this option is set to ""Yes"", A sms will be sent to customer when he places a new order."
"Message By Payment Method","Message By Payment Method"
"Message By Shipping Method","Message By Shipping Method"
"Order status is changed","Order status is changed"
"If this option is set to ""Yes"", A sms will be sent to customer when status of an order is changed.","If this option is set to ""Yes"", A sms will be sent to customer when status of an order is changed."
"New invoice is created","New invoice is created"
"If this option is set to ""Yes"", A sms will be sent to admin when invoice is created.","If this option is set to ""Yes"", A sms will be sent to admin when invoice is created."
"New shipment is created","New shipment is created"
"New credit memo is created","New credit memo is created"
Rule,Rule
"Add New Rule","Add New Rule"
"Delete rule","Delete rule"
"Delete selected rules?","Delete selected rules?"
ID#,ID#
"Message Id","Message Id"
"Reference Id","Reference Id"
Gateway,Gateway
"Password forgotten","Password forgotten"
"Forgot Your Password","Forgot Your Password"
"Allow customer set avatar","Allow customer set avatar"
"Banner Manager","Banner Manager"
"Select Banner...","Select Banner..."
"Seller's Page","Seller's Page"
"Banner Type","Banner Type"
"Show Banner","Show Banner"
"Enabled Vendors sub categories","Enabled Vendors sub categories"
"Can Use Category","Can Use Category"
Add/Edit,Add/Edit
"Category Header","Category Header"
"Included In Menu","Included In Menu"
"Category Image","Category Image"
"Products in Category","Products in Category"
"Is Hide Product","Is Hide Product"
"Vendors CMS","Vendors CMS"
"Can Use CMS","Can Use CMS"
"Static Block","Static Block"
"Contents of a Static Block","Contents of a Static Block"
"Select Block...","Select Block..."
"Catalog Products List","Catalog Products List"
"List of Products","List of Products"
"Display Page Control","Display Page Control"
"Number of Products per Page","Number of Products per Page"
"Number of Products to Display","Number of Products to Display"
"Product Description","Product Description"
"Specified Pages","Specified Pages"
"Manage Static Blocks","Manage Static Blocks"
blocks,blocks
directive,directive
images,images
"Contents Management System","Contents Management System"
"Select Home Page","Select Home Page"
"Show Bread Crumbs","Show Bread Crumbs"
"1 column","1 column"
"2 columns with left bar","2 columns with left bar"
"2 columns with right bar","2 columns with right bar"
"3 columns","3 columns"
"App ID","App ID"
"Add New Application","Add New Application"
"Enable Page","Enable Page"
"Search Engine Optimisation","Search Engine Optimisation"
"Custom design from","Custom design from"
"Custom design to","Custom design to"
"Custom Theme","Custom Theme"
"Custom Layout","Custom Layout"
"Enable Block","Enable Block"
"Block Title","Block Title"
"Add New Block","Add New Block"
Start,Start
End,End
"Vendor Config","Vendor Config"
"Approval Fields","Approval Fields"
"Number of Changes","Number of Changes"
"Last Update","Last Update"
"Store Information","Store Information"
"Store Name","Store Name"
"Short Description","Short Description"
"Store Phone Number","Store Phone Number"
"Store Hours of Operation","Store Hours of Operation"
"Seller Coupon","Seller Coupon"
"Code Length","Code Length"
"Code Format","Code Format"
"Code Suffix","Code Suffix"
"Dash Every X Characters","Dash Every X Characters"
"Show Discount Detail","Show Discount Detail"
"Show Seller Store Name With Discount Code","Show Seller Store Name With Discount Code"
"Can Manage Coupon/Promotion","Can Manage Coupon/Promotion"
"Add / Edit","Add / Edit"
"Buy X Amount","Buy X Amount"
"From Date","From Date"
"To Date","To Date"
"Delete selected messages?","Delete selected messages?"
"Grand Total (Base)","Grand Total (Base)"
"Grand Total (Purchased)","Grand Total (Purchased)"
"Seller's Credit","Seller's Credit"
"Enable Credit feature","Enable Credit feature"
"Enable Escrow feature","Enable Escrow feature"
"If you enable this feature, after customer pay for his order the payment will be held in x day before it is added to seller's credit account","If you enable this feature, after customer pay for his order the payment will be held in x day before it is added to seller's credit account"
"Select Vendor Group will be disabled Escrow Option","Select Vendor Group will be disabled Escrow Option"
"Hold Time (days)","Hold Time (days)"
"30 -> 30 days","30 -> 30 days"
"The number of days that the funcs is held before it is added to vendor's credit account.","The number of days that the funcs is held before it is added to vendor's credit account."
"New Escrow Notification Email","New Escrow Notification Email"
"This notification email will be sent to vendor when new escrow transaction is created for vendor.","This notification email will be sent to vendor when new escrow transaction is created for vendor."
"Escrow Released Notification Email","Escrow Released Notification Email"
"This notification email will be sent to vendor when escrow transaction is released.","This notification email will be sent to vendor when escrow transaction is released."
"Escrow Cancel Transaction Email","Escrow Cancel Transaction Email"
"This notification email will be sent to vendor when the escrow transaction is canceled.","This notification email will be sent to vendor when the escrow transaction is canceled."
"New Withdrawal Notification Template (Send to Admin)","New Withdrawal Notification Template (Send to Admin)"
"This email is sent to admin when new withdrawal request is submited.","This email is sent to admin when new withdrawal request is submited."
"Admin Emails","Admin Emails"
Comma-separated,Comma-separated
"New Withdrawal Notification Template (Send to Vendor)","New Withdrawal Notification Template (Send to Vendor)"
"This email is sent to vendor when he submit new withdrawal request.","This email is sent to vendor when he submit new withdrawal request."
"Withdrawal Canceled Notification Template","Withdrawal Canceled Notification Template"
"This email is sent to vendor when he withdrawal request is canceled.","This email is sent to vendor when he withdrawal request is canceled."
"Withdrawal Completed Notification Template","Withdrawal Completed Notification Template"
"This email is sent to vendor when he withdrawal request is completed.","This email is sent to vendor when he withdrawal request is completed."
Paypal,Paypal
"Enable this Solution","Enable this Solution"
"Fee Type","Fee Type"
"Min Value","Min Value"
"Max Value","Max Value"
"Wire Transfer","Wire Transfer"
"Allow Vendor Refund Credit","Allow Vendor Refund Credit"
"Ignore Commission Calculation","Ignore Commission Calculation"
"Withdrawal Accounts","Withdrawal Accounts"
"Bank Name","Bank Name"
"SWIFT Code","SWIFT Code"
"Account Holder","Account Holder"
"Account Number","Account Number"
"Withdrawal Method","Withdrawal Method"
ui/grid/cells/html,ui/grid/cells/html
"Default Require Customer Attribute Values","Default Require Customer Attribute Values"
"Show theme selector on vendor registration form","Show theme selector on vendor registration form"
"Theme Changer","Theme Changer"
"Can Use Custom Theme","Can Use Custom Theme"
"Theme List","Theme List"
"Header Logo","Header Logo"
"Theme Title","Theme Title"
"Vendor Domain","Vendor Domain"
"Main Marketplace Domain","Main Marketplace Domain"
"Allow vendor to login to vendor panel from his own domain","Allow vendor to login to vendor panel from his own domain"
"Use Custom Vendor Path","Use Custom Vendor Path"
"URL Key of Vendor Panel","URL Key of Vendor Panel"
"Current Domain Server Param","Current Domain Server Param"
"Redirect to main marketplace domain to process checkout","Redirect to main marketplace domain to process checkout"
"Change DNS Instruction","Change DNS Instruction"
"Base URL","Base URL"
"Default Language","Default Language"
"Locale Restriction","Locale Restriction"
"Select locale which you DON'T want vendor to use.","Select locale which you DON'T want vendor to use."
"Right-to-Left Language","Right-to-Left Language"
"When vendor select these languages, the layout will be changed to Right-to-Left.","When vendor select these languages, the layout will be changed to Right-to-Left."
"Locale Options","Locale Options"
Locale,Locale
"Manage Media","Manage Media"
"Delete selected notificaitons?","Delete selected notificaitons?"
"Manage Template","Manage Template"
"Page Builder","Page Builder"
Center,Center
Right,Right
Bottom,Bottom
Poster,Poster
"Collage Left","Collage Left"
"Collage Center","Collage Center"
"Collage Right","Collage Right"
Inline,Inline
Stacked,Stacked
"Full Height","Full Height"
"Top Aligned","Top Aligned"
Centered,Centered
"Bottom Aligned","Bottom Aligned"
"Full Width Image","Full Width Image"
"Product Grid","Product Grid"
"Product Carousel","Product Carousel"
Contained,Contained
"Full Width","Full Width"
"Full width appearance will work only with supported layouts.","Full width appearance will work only with supported layouts."
"Full Bleed","Full Bleed"
"Full bleed appearance will work only with supported layouts.","Full bleed appearance will work only with supported layouts."
Cover,Cover
Contain,Contain
Auto,Auto
Video,Video
Continuous,Continuous
"Insert Images...","Insert Images..."
Button,Button
Buttons,Buttons
Column,Column
"Column Group","Column Group"
Divider,Divider
Heading,Heading
"HTML Code","HTML Code"
Map,Map
Row,Row
Slider,Slider
Tab,Tab
Tabs,Tabs
Elements,Elements
"Add Content","Add Content"
Appearance,Appearance
"Minimum Height","Minimum Height"
"Minimum height can be a single number with any valid CSS unit (50px, 50%, 50em, 50vh) or a calculation (50% + 50px).","Minimum height can be a single number with any valid CSS unit (50px, 50%, 50em, 50vh) or a calculation (50% + 50px)."
"Message Text","Message Text"
Link,Link
"Show Button","Show Button"
Always,Always
"On Hover","On Hover"
"Never Show","Never Show"
"Button Text","Button Text"
"Button Type","Button Type"
Primary,Primary
Secondary,Secondary
"Show Overlay","Show Overlay"
"Overlay Color","Overlay Color"
"No Color","No Color"
"
                        
                        <p>Style changes will only affect this breakpoint</p>
                        
                    ","
                        
                        <p>Style changes will only affect this breakpoint</p>
                        
                    "
Advanced,Advanced
Alignment,Alignment
Border,Border
Dotted,Dotted
Dashed,Dashed
Solid,Solid
Double,Double
Groove,Groove
Ridge,Ridge
Inset,Inset
Outset,Outset
"Border Color","Border Color"
"Border Width","Border Width"
px,px
"Border Radius","Border Radius"
"CSS Classes","CSS Classes"
"Space separated list of classes.","Space separated list of classes."
"Margins and Padding","Margins and Padding"
Background,Background
"Background Color","Background Color"
"Background Image","Background Image"
"Background Mobile Image","Background Mobile Image"
"Background Size","Background Size"
"Background Position","Background Position"
"Top Left","Top Left"
"Top Center","Top Center"
"Top Right","Top Right"
"Center Left","Center Left"
"Center Right","Center Right"
"Bottom Left","Bottom Left"
"Bottom Center","Bottom Center"
"Bottom Right","Bottom Right"
"Background Attachment","Background Attachment"
Scroll,Scroll
"Background Repeat","Background Repeat"
"Background Type","Background Type"
"Video URL","Video URL"
"Video URLs can be links to videos on YouTube or Vimeo, or HTTP(S) links to files with valid video extensions (we recommend .mp4)","Video URLs can be links to videos on YouTube or Vimeo, or HTTP(S) links to files with valid video extensions (we recommend .mp4)"
"Infinite Loop","Infinite Loop"
"Lazy Load","Lazy Load"
"Preload video only when it is visible on the screen.","Preload video only when it is visible on the screen."
"Play Only When Visible","Play Only When Visible"
"Video will play only when it is visible on the screen.","Video will play only when it is visible on the screen."
"Fallback Image","Fallback Image"
"Fallback images appear on the screen before a video loads. When the video loads, it replaces the fallback image. If the video does not load for some reason, the fallback image remains on the screen in place of the video.","Fallback images appear on the screen before a video loads. When the video loads, it replaces the fallback image. If the video does not load for some reason, the fallback image remains on the screen in place of the video."
"Select Block","Select Block"
"CMS Static Block Default Template","CMS Static Block Default Template"
"Button Item","Button Item"
"Button Link","Button Link"
"All Buttons are same size","All Buttons are same size"
"Vertical Alignment","Vertical Alignment"
"Vertical alignment controls how the child blocks of this container will be positioned. Set minimum height in order to use vertical alignment.","Vertical alignment controls how the child blocks of this container will be positioned. Set minimum height in order to use vertical alignment."
"Line Color","Line Color"
"Line Thickness","Line Thickness"
"Line Width","Line Width"
"px or %","px or %"
"Example: 50px or 100%","Example: 50px or 100%"
"Heading Type","Heading Type"
"Heading Text","Heading Text"
Code,Code
"HTML code must be valid, all CSS & JavaScript must be wrapped in their HTML elements.","HTML code must be valid, all CSS & JavaScript must be wrapped in their HTML elements."
"Mobile Image","Mobile Image"
"Image Caption","Image Caption"
"Alternative Text","Alternative Text"
"Title Attribute","Title Attribute"
"You must provide a valid <a href=""%s"" target=""_blank"">Google Maps API key</a> to use a map.","You must provide a valid <a href=""%s"" target=""_blank"">Google Maps API key</a> to use a map."
"Add Location","Add Location"
"Location Name","Location Name"
"Phone Number","Phone Number"
"Street Address","Street Address"
Region/State,Region/State
"Zip/Postal Code","Zip/Postal Code"
"Show Controls","Show Controls"
"You can move the pin by clicking or dragging it where you want. To alter the zoom please use the controls.","You can move the pin by clicking or dragging it where you want. To alter the zoom please use the controls."
Coordinates,Coordinates
Latitude,Latitude
Longitude,Longitude
Condition,Condition
"Carousel Settings","Carousel Settings"
"Carousel Mode","Carousel Mode"
"Autoplay Speed","Autoplay Speed"
ms,ms
"Delay in milliseconds between each slide","Delay in milliseconds between each slide"
"Show Arrows","Show Arrows"
"Show Dots","Show Dots"
"Select Products By","Select Products By"
"Product SKUs","Product SKUs"
"Comma separated product SKUs.","Comma separated product SKUs."
"Sort By","Sort By"
"
                            
                                <p>The products displayed may vary from this total due to several factors, including but not limited to:</p>
                                <ul>
                                    <li>Disabled status</li>
                                    <li>Approval status</li>
                                    <li>Visibility configuration (not visible in catalog)</li>
                                    <li>Stock availability (out of stock)</li>
                                    <li>Website assignment</li>
                                </ul>
                            
                        ","
                            
                                <p>The products displayed may vary from this total due to several factors, including but not limited to:</p>
                                <ul>
                                    <li>Disabled status</li>
                                    <li>Approval status</li>
                                    <li>Visibility configuration (not visible in catalog)</li>
                                    <li>Stock availability (out of stock)</li>
                                    <li>Website assignment</li>
                                </ul>
                            
                        "
"Parallax Background","Parallax Background"
"Enable Parallax Background","Enable Parallax Background"
"Parallax Speed","Parallax Speed"
"
                        
                        <p>Parallax Speed controls how the background will behave when page is scrolled.</p>
                        <p>Negative values will make the background scroll in the reverse direction.</p>
                        <p>Values from 0 to 1 will cause the scroll to be slower than the scroll speed of the window, values from 1 to 2 will be faster.</p>
                        <p>0 - Fixes the background to the window (e.g. no scrolling).</p>
                        <p>1 - Background will scroll at the same speed as the window.</p>
                        
                    ","
                        
                        <p>Parallax Speed controls how the background will behave when page is scrolled.</p>
                        <p>Negative values will make the background scroll in the reverse direction.</p>
                        <p>Values from 0 to 1 will cause the scroll to be slower than the scroll speed of the window, values from 1 to 2 will be faster.</p>
                        <p>0 - Fixes the background to the window (e.g. no scrolling).</p>
                        <p>1 - Background will scroll at the same speed as the window.</p>
                        
                    "
"Enter fractional number from -1.0 to 2.0.","Enter fractional number from -1.0 to 2.0."
"Slide Name","Slide Name"
"Slider Settings","Slider Settings"
"Created For","Created For"
"Tab Name","Tab Name"
"Default Active Tab","Default Active Tab"
"Tab Navigation Alignment","Tab Navigation Alignment"
"Maximum Width","Maximum Width"
"Vendor Page","Vendor Page"
"Profile block's position","Profile block's position"
"Default Banner","Default Banner"
"Number of showing products","Number of showing products"
"Enable Vendor's Description","Enable Vendor's Description"
"Enable Vendor's Shipping Policy","Enable Vendor's Shipping Policy"
"Enable Vendor's Refund Policy","Enable Vendor's Refund Policy"
"About Store","About Store"
"Social Accounts","Social Accounts"
"Website Url","Website Url"
"Facebook Url","Facebook Url"
"Twitter Url","Twitter Url"
"Instagram Url","Instagram Url"
"Google Plus Url","Google Plus Url"
"Youtube Url","Youtube Url"
"Pinterest Url","Pinterest Url"
"Vimeo Url","Vimeo Url"
"Homepage Meta Information","Homepage Meta Information"
"Html Head","Html Head"
"Scripts and Style Sheets","Scripts and Style Sheets"
Footer,Footer
"Miscellaneous HTML","Miscellaneous HTML"
Facebook,Facebook
Twitter,Twitter
Instagram,Instagram
"Google Plus","Google Plus"
Youtube,Youtube
Pinterest,Pinterest
Vimeo,Vimeo
"Price Comparison","Price Comparison"
"Main Product","Main Product"
"This product info will be shown in product list, product detail page, Products from other seller will be shown in ""Sold by Other Sellers"".","This product info will be shown in product list, product detail page, Products from other seller will be shown in ""Sold by Other Sellers""."
"Redirect to main product","Redirect to main product"
"Product Type Restriction","Product Type Restriction"
"Sellers will not be able to Select and Sell products from these product types.","Sellers will not be able to Select and Sell products from these product types."
"Attribute Set Restriction","Attribute Set Restriction"
"Sellers will not be able to Select and Sell products from these selected attribute sets.","Sellers will not be able to Select and Sell products from these selected attribute sets."
"Filter attributes","Filter attributes"
"<p>These selected products attributes will be displayed in select and sell page.<br /></p><p>Seller will use these attributes to find the products which he want to sell</p>","<p>These selected products attributes will be displayed in select and sell page.<br /></p><p>Seller will use these attributes to find the products which he want to sell</p>"
"Number of showing seller","Number of showing seller"
"<p>The first this number of seller will be displayed in price comparison page. The rest sellers will be collapsed. Customer will need to click to a button to explain all sellers.</p>","<p>The first this number of seller will be displayed in price comparison page. The rest sellers will be collapsed. Customer will need to click to a button to explain all sellers.</p>"
"Show Address","Show Address"
"Show Sales Count","Show Sales Count"
"Show Joined Date","Show Joined Date"
"Show Country Filter","Show Country Filter"
"Can Use Select And Sell","Can Use Select And Sell"
"Seller's Description","Seller's Description"
"Minimum Qty","Minimum Qty"
"Allow Multiple Boxes for Shipping","Allow Multiple Boxes for Shipping"
"Use Deferred Stock Update","Use Deferred Stock Update"
"Stock Status","Stock Status"
"You are selling this already","You are selling this already"
Select...,Select...
"Hide these attributes in configurable product form","Hide these attributes in configurable product form"
Attributes,Attributes
"Attribute Code","Attribute Code"
"Attribute Label","Attribute Label"
Required,Required
System,System
Visible,Visible
Scope,Scope
Searchable,Searchable
Comparable,Comparable
AttributeSetText,AttributeSetText
StatusText,StatusText
"Mass Product Import/Export","Mass Product Import/Export"
"Import Bunch Size","Import Bunch Size"
"Import Size","Import Size"
"Export Attributes Restriction","Export Attributes Restriction"
"Excel Sheet Name","Excel Sheet Name"
"Product Import/Export","Product Import/Export"
"Can Use Import/Export","Can Use Import/Export"
"Mass Import/Export","Mass Import/Export"
"Multiple value separator","Multiple value separator"
"Are you sure you want to delete the selected backup(s)?","Are you sure you want to delete the selected backup(s)?"
Size(bytes),Size(bytes)
Rollback,Rollback
"Delete selected item?","Delete selected item?"
Behavior,Behavior
"Images And Videos","Images And Videos"
"Select product types which you DON'T want vendor to use.","Select product types which you DON'T want vendor to use."
"Select attribute sets which you DON'T want vendor to use.","Select attribute sets which you DON'T want vendor to use."
"New Product Approval","New Product Approval"
"If this option is set to ""Yes"", when vendor add new product the product will need to be reviewed and approved before it is showing on website.","If this option is set to ""Yes"", when vendor add new product the product will need to be reviewed and approved before it is showing on website."
"Update Product Approval","Update Product Approval"
"If this option is set to ""Yes"", Anytime vendor update product info the product will need to be reviewed and approved before it is showing on website.","If this option is set to ""Yes"", Anytime vendor update product info the product will need to be reviewed and approved before it is showing on website."
"Attribute Approval Flag","Attribute Approval Flag"
"Attributes for Approval.","Attributes for Approval."
"Hide these attributes in vendor's product form","Hide these attributes in vendor's product form"
"New Product Approval Email Template (Send to admin)","New Product Approval Email Template (Send to admin)"
"Update Product Approval Email Template (Send to admin)","Update Product Approval Email Template (Send to admin)"
"Admin Email","Admin Email"
"New Product Approved Email Template (Send to vendor)","New Product Approved Email Template (Send to vendor)"
"Update Product Approved Email Template (Send to vendor)","Update Product Approved Email Template (Send to vendor)"
"New Product Denied Email Template (Send to vendor)","New Product Denied Email Template (Send to vendor)"
"Update Product Denied Email Template (Send to vendor)","Update Product Denied Email Template (Send to vendor)"
"Approve selected products?","Approve selected products?"
Unapprove,Unapprove
"Unapprove selected products?","Unapprove selected products?"
"Delete selected items?","Delete selected items?"
"Submit for approval","Submit for approval"
"Show Vendor Profile Notice Message","Show Vendor Profile Notice Message"
"Vendor Profile Notice Message Setting","Vendor Profile Notice Message Setting"
"Add New Process","Add New Process"
"Delete Process","Delete Process"
"Process Orders","Process Orders"
"Select Orders By","Select Orders By"
"Vendors Report","Vendors Report"
"Can Use Report","Can Use Report"
Overview,Overview
"by Month of Year","by Month of Year"
"by Day of Week","by Day of Week"
"by Hour","by Hour"
"Low Stock","Low Stock"
"Excel XML","Excel XML"
"Stock Quantity","Stock Quantity"
"Ordered Quantity","Ordered Quantity"
"We can't find records for this period.","We can't find records for this period."
Interval,Interval
Total,Total
"Pie Chart","Pie Chart"
"3D Pie Chart","3D Pie Chart"
"Donut Chart","Donut Chart"
"Column Chart","Column Chart"
"Bar Chart","Bar Chart"
"Number of Orders","Number of Orders"
Period,Period
Discount,Discount
"Total Paid","Total Paid"
"Total Refunded","Total Refunded"
"Area Chart","Area Chart"
"Line Chart","Line Chart"
"Maximum RMA escalate time (days)","Maximum RMA escalate time (days)"
"Default Notify Message ""Refund Amount""","Default Notify Message ""Refund Amount"""
"All RMA","All RMA"
"Manage Quick Responses","Manage Quick Responses"
"Contact RMA","Contact RMA"
"No Templates Found","No Templates Found"
Updated,Updated
Subject,Subject
"Template Type","Template Type"
"Split Cart By Vendor","Split Cart By Vendor"
"New Order Notification Template (Send to vendor)","New Order Notification Template (Send to vendor)"
"New Shipment Notification Template (Send to vendor)","New Shipment Notification Template (Send to vendor)"
"New Invoice Notification Template (Send to vendor)","New Invoice Notification Template (Send to vendor)"
"New Creditmemo Notification Template (Send to vendor)","New Creditmemo Notification Template (Send to vendor)"
"Send Sales Emails","Send Sales Emails"
"Sales Email","Sales Email"
"Send Order Email Copy To","Send Order Email Copy To"
"Send Order Email Copy Method","Send Order Email Copy Method"
"Send Invoice Email Copy To","Send Invoice Email Copy To"
"Send Invoice Email Copy Method","Send Invoice Email Copy Method"
Shipment,Shipment
"Send Shipment Email Copy To","Send Shipment Email Copy To"
"Send Shipment Email Copy Method","Send Shipment Email Copy Method"
"Send Credit Memo Email Copy To","Send Credit Memo Email Copy To"
"Send Credit Memo Email Copy Method","Send Credit Memo Email Copy Method"
"PDF Creditmemos","PDF Creditmemos"
"Invoice Date","Invoice Date"
"Ship Date","Ship Date"
"Total Quantity","Total Quantity"
"Shipping and Handling","Shipping and Handling"
"Order Shipments","Order Shipments"
Refunds,Refunds
"Print Invoices","Print Invoices"
"Print Packing Slips","Print Packing Slips"
"Print Credit Memos","Print Credit Memos"
"Print All","Print All"
"Print Shipping Labels","Print Shipping Labels"
"PDF Credit Memos","PDF Credit Memos"
"PDF Invoices","PDF Invoices"
"PDF Shipments","PDF Shipments"
"Search By Vendor","Search By Vendor"
"Minimal Query Length","Minimal Query Length"
"Maximum Query Length","Maximum Query Length"
"Catalog Search","Catalog Search"
"Show Bread Crumb","Show Bread Crumb"
"Sellers Per Page Default Value","Sellers Per Page Default Value"
"Number of seller for each load more","Number of seller for each load more"
"Top Static Block","Top Static Block"
"Bottom Static Block","Bottom Static Block"
"Vendor Table Rate","Vendor Table Rate"
"Method Name","Method Name"
"Show Method if Not Applicable","Show Method if Not Applicable"
"Displayed Error Message","Displayed Error Message"
"Add Rate","Add Rate"
"Condition From","Condition From"
"Condition To","Condition To"
Delivery,Delivery
"Enable Vendors Shipping Methods","Enable Vendors Shipping Methods"
"Apply to Vendor ID","Apply to Vendor ID"
"Discard vendor subsequent rules","Discard vendor subsequent rules"
"SMS Tier Price","SMS Tier Price"
"SMS Credit Packages","SMS Credit Packages"
"A vendor account is created and awaiting for approval","A vendor account is created and awaiting for approval"
"If this option is set to ""Yes"", A sms will be sent to admin when a vendor account is created and awaiting for approval.","If this option is set to ""Yes"", A sms will be sent to admin when a vendor account is created and awaiting for approval."
"Send SMS to Vendor when","Send SMS to Vendor when"
"Vendor Account is Approved","Vendor Account is Approved"
"If this option is set to ""Yes"", A sms will be sent to vendor when vendor account is approved.","If this option is set to ""Yes"", A sms will be sent to vendor when vendor account is approved."
"Vendor Account is Unapproved","Vendor Account is Unapproved"
"If this option is set to ""Yes"", A sms will be sent to vendor when vendor account is unapproved.","If this option is set to ""Yes"", A sms will be sent to vendor when vendor account is unapproved."
"Vendor Product is Approved","Vendor Product is Approved"
"If this option is set to ""Yes"", A sms will be sent to vendor when a vendor's product is approved.","If this option is set to ""Yes"", A sms will be sent to vendor when a vendor's product is approved."
"Vendor Product is Unapproved","Vendor Product is Unapproved"
"If this option is set to ""Yes"", A sms will be sent to vendor when a vendor's product is unapproved.","If this option is set to ""Yes"", A sms will be sent to vendor when a vendor's product is unapproved."
"New Order Created","New Order Created"
"If this option is set to ""Yes"", A sms will be sent to vendor when a new order is placed.","If this option is set to ""Yes"", A sms will be sent to vendor when a new order is placed."
"New Invoice Created","New Invoice Created"
"If this option is set to ""Yes"", A sms will be sent to vendor when a new invoice is created.","If this option is set to ""Yes"", A sms will be sent to vendor when a new invoice is created."
"New Shipment Created","New Shipment Created"
"If this option is set to ""Yes"", A sms will be sent to vendor when a new shipment is created.","If this option is set to ""Yes"", A sms will be sent to vendor when a new shipment is created."
"New Creditmemo Created","New Creditmemo Created"
"If this option is set to ""Yes"", A sms will be sent to vendor when a new credit memo is created.","If this option is set to ""Yes"", A sms will be sent to vendor when a new credit memo is created."
"Vendors SMS","Vendors SMS"
"Can Use SMS","Can Use SMS"
"Notify me when","Notify me when"
"A product is approved","A product is approved"
"A product is unapproved","A product is unapproved"
"A new order placed","A new order placed"
"A new invoice created","A new invoice created"
"A new shipment created","A new shipment created"
"A new creditmemo created","A new creditmemo created"
"Enabled for Vendors","Enabled for Vendors"
"Translate, blocks and other output caches should be disabled for both Storefront and Vendors inline translations.","Translate, blocks and other output caches should be disabled for both Storefront and Vendors inline translations."
"Enable Method","Enable Method"
"Withdrawal Method Fields","Withdrawal Method Fields"
"Dynamic Rows","Dynamic Rows"
Magento_Ui/js/dynamic-rows/record,Magento_Ui/js/dynamic-rows/record
Label,Label
"Input Type","Input Type"
Validation,Validation
"Add New Method","Add New Method"
"Delete withdrawal method?","Delete withdrawal method?"
"Manage Attributes","Manage Attributes"
"Seller Panel Type","Seller Panel Type"
Skin,Skin
"Favicon Icon","Favicon Icon"
"Default Title","Default Title"
"Logo Icon","Logo Icon"
"Footer Text","Footer Text"
"Seller Profile Block","Seller Profile Block"
"Show seller's short description","Show seller's short description"
"Short description max length","Short description max length"
"Show seller's sales count","Show seller's sales count"
"Show seller's join date","Show seller's join date"
"Show seller's phone number","Show seller's phone number"
"Show store hours of operation","Show store hours of operation"
"Address Template","Address Template"
"Create New Account Options","Create New Account Options"
"Enable Seller Register","Enable Seller Register"
"Seller Login/Register Type","Seller Login/Register Type"
"Enable Registration Agreement","Enable Registration Agreement"
"Agreement Label","Agreement Label"
"Seller Approval","Seller Approval"
"Default Seller Group","Default Seller Group"
"Approve Email","Approve Email"
"Default Welcome Email","Default Welcome Email"
"Vendor Panel Base URL","Vendor Panel Base URL"
"Use Custom Vendor URL","Use Custom Vendor URL"
"Custom Vendor URL","Custom Vendor URL"
"Make sure that base URL ends with '/' (slash), e.g. http://seller.yourdomain.com/","Make sure that base URL ends with '/' (slash), e.g. http://seller.yourdomain.com/"
"Custom Vendor Path","Custom Vendor Path"
"Admin Notification","Admin Notification"
"Approve Vendor  Email","Approve Vendor  Email"
"Pending Vendor Email","Pending Vendor Email"
"Vendor Account Info","Vendor Account Info"
Zip,Zip
"Add New Seller","Add New Seller"
"Add New Seller Form Exist Customer","Add New Seller Form Exist Customer"
"Delete sellers","Delete sellers"
"Delete selected sellers? <span style=""color: #e22626;"">Delete a seller account will not delete related customer account.</span>","Delete selected sellers? <span style=""color: #e22626;"">Delete a seller account will not delete related customer account.</span>"
"Seller Account","Seller Account"
"Register New Seller Account","Register New Seller Account"
"Community Edition","Community Edition"
"Marketplace 1column","Marketplace 1column"
"Marketplace 2columns Left","Marketplace 2columns Left"
